SpeciesGroup,Species,NucleusVol,CellVol
Amphibians (frogs),acris_crepitans,87.9073965883338,3635.0190497442577
Amphibians (frogs),acris_gryllus,90.17643885749486,1107.31611541324
Amphibians (frogs),bombina_bombina,252.2039449789917,1795.73226639681
Amphibians (frogs),bombina_orientalis,174.85763016545505,3185.5749507400437
Amphibians (frogs),bombina_variegata,194.4456723492136,5519.499214209899
Amphibians (frogs),bufo_americanus,110.43436673735408,1098.148731339148
Amphibians (frogs),bufo_bufo,144.79028999089664,2688.071262937108
Amphibians (frogs),bufo_calamita,97.34192021055772,1795.73226639681
Amphibians (frogs),bufo_marinus,101.89693570091129,1672.4268491385335
Amphibians (frogs),bufo_terrestris,106.67748466879978,1055.4232879612384
Amphibians (frogs),bufo_viridis,107.23612513409718,1795.73226639681
Amphibians (frogs),crinia_signifera,44.149866104777736,1937.1453001116568
Amphibians (frogs),cyclorana_alboguttata,60.03176371925275,1592.7874753700264
Amphibians (frogs),hyla_arborea,97.93207135210498,1295.342570551443
Amphibians (frogs),hyla_gratiosa,140.19709035058025,1908.5531417725472
Amphibians (frogs),hyla_japonica,100.01656481694135,2014.372454320972
Amphibians (frogs),limnodynastes_fletcheri,80.71176253263314,995.4827473283108
Amphibians (frogs),limnodynastes_peronii,49.59543713549627,1538.0714033199931
Amphibians (frogs),limnonectes_limnocharis,88.68730596066312,1788.1442729408684
Amphibians (frogs),litoria_bicolor,102.93061743699026,1802.9461485276493
Amphibians (frogs),microhyla_ornata,110.97541012213426,1967.8198107813
Amphibians (frogs),pseudacris_crucifer,76.95549208352222,1396.202226465032
Amphibians (frogs),pseudacris_nigrita,86.4691039032195,942.4777960769457
Amphibians (frogs),rana_catesbeiana,165.25555531496747,2699.0747158717595
Amphibians (frogs),rana_clamitans,148.16635142270613,2126.140791589603
Amphibians (frogs),rana_esculenta,150.63936191615161,4119.624900924978
Amphibians (frogs),rana_japonica,109.29619822701504,2334.1415569617025
Amphibians (frogs),rana_nigromaculata,129.28971840354393,2334.1415569617025
Amphibians (frogs),rana_palustris,137.1019762675992,1722.8054289314816
Amphibians (frogs),rana_pipiens,145.42474462702452,2172.138763229978
Amphibians (frogs),rana_porosa,128.928353734998,2661.9913595062653
Amphibians (frogs),rana_rugosa,178.74938353177586,3610.20622736744
Amphibians (frogs),rana_sylvatica,128.3201530994767,3635.0190497442577
Amphibians (frogs),rana_tagoi,114.33388691571272,2586.672199235171
Amphibians (frogs),rana_temporaria,90.3314283113218,2919.3450011818163
Amphibians (frogs),rana_tsushimensis,113.19265376548869,2343.8417478784195
Amphibians (frogs),uperoleia_marmorata,43.06904053032574,1813.0916602030036
Amphibians (frogs),xenopus_laevis,69.69542854483241,1201.031064124673
Amphibians (salamanders),ambystoma_maculatum,746.1016841701969,10570.62787055084
Amphibians (salamanders),ambystoma_mexicanum,772.7200469204909,11809.13386307226
Amphibians (salamanders),ambystoma_tigrinum,711.8634022610096,5546.163400676514
Amphibians (salamanders),amphiuma_means,1939.2857913327452,35108.66741862953
Amphibians (salamanders),cryptobranchus_alleganiensis,1287.912977263888,12196.969903385316
Amphibians (salamanders),cynops_pyrrhogaster,805.2300929521401,9680.7130422818
Amphibians (salamanders),desmognathus_fuscus,358.4478812055451,2592.653268048861
Amphibians (salamanders),desmognathus_monticola,367.4615644412421,3417.578426615038
Amphibians (salamanders),desmognathus_quadramaculatus,377.5652231718121,6189.043766712073
Amphibians (salamanders),dicamptodon_ensatus,1330.7370638653713,23104.521681177677
Amphibians (salamanders),eurycea_bislineata,596.9806105743842,4964.899725904704
Amphibians (salamanders),eurycea_lucifuga,468.55737745587464,9224.553788980616
Amphibians (salamanders),gyrinophilus_porphyriticus,468.83424949780624,8635.924045453005
Amphibians (salamanders),hynobius_nebulosus,431.76313710110446,5111.748238509078
Amphibians (salamanders),hynobius_tsuensis,368.42561357968503,5609.233572371967
Amphibians (salamanders),necturus_maculosus,2044.2587184041508,23478.931596012608
Amphibians (salamanders),notophthalmus_viridescens,865.5839454983168,5132.2951363615975
Amphibians (salamanders),onychodactylus_fischeri,1107.0015461867092,12414.185583033935
Amphibians (salamanders),plethodon_cinereus,527.7586530955926,4595.573012110704
Amphibians (salamanders),plethodon_glutinosus,650.5209937735473,7135.8847627973
Amphibians (salamanders),proteus_anguinus,1151.5275502968595,40497.032586322144
Amphibians (salamanders),salamandra_salamandra,779.0993452970137,15761.462496444525
Amphibians (salamanders),siren_lacertina,1321.6790070289317,35338.40393143966
Amphibians (salamanders),taricha_granulosa,778.6945645660882,10820.779912526436
Amphibians (salamanders),triturus_alpestris,599.2613221731942,9269.884352977931
Amphibians (salamanders),triturus_cristatus,523.264818505125,6158.149919566641
Amphibians (salamanders),triturus_vulgaris,578.0106199702715,6527.638914740789
Angiosperm,acer_pseudoplatanus,18.183172796747467,5353.85230608024
Angiosperm,aesculus_hippocastanum,7.8332412774892335,3190.1840344619345
Angiosperm,allium_cepa,266.29515459699167,1126350.9501833438
Angiosperm,alnus_glutinosa,6.616765451417764,4799.560429846273
Angiosperm,alnus_viridus,7.8332412774892335,6614.213340586133
Angiosperm,amorphophallus_bulbifer,134.91360269523372,167453.871494485
Angiosperm,amorphophallus_paeoniifolius,59.094043102926065,13398.011994217288
Angiosperm,annona_glabra,17.484323829700234,11305.499085840713
Angiosperm,ansellia_africana,25.36307763635912,32608.929347850764
Angiosperm,asarum_caudatum,66.41575068316622,141116.7163641547
Angiosperm,berberis_buxifolia,41.66729356267491,16766.853613174957
Angiosperm,berberis_montana,11.934537264058545,21403.64153146948
Angiosperm,berberis_vulgaris,18.462993364629916,28385.24087272715
Angiosperm,betula_pubescens,11.934537264058545,42570.624924898984
Angiosperm,bouvardia_ternifolia,47.450813144690166,93918.78191184351
Angiosperm,brachypodium_sylvaticum,5.676258344188882,10345.027246973908
Angiosperm,calathea_bachemiana,5.141352995406774,70231.48572890704
Angiosperm,calathea_zebrina,5.141352995406774,35912.664984825686
Angiosperm,callisia_soconuscensis,204.7860812514392,262776.3736373008
Angiosperm,canna_indica,15.811378424885998,26218.65623746304
Angiosperm,capsicum_annuum,43.97734911098221,86409.08029764045
Angiosperm,carya_illinoensis,10.560528041157925,4145.67918765887
Angiosperm,chaenomeles_speciosa,7.8332412774892335,15450.968080927483
Angiosperm,cistus_libanotis,40.0818626587875,62104.24690512818
Angiosperm,citrus_aurantifolia,5.141352995406774,879.7277032773526
Angiosperm,citrus_sinensis,7.8332412774892335,1076.6372004973566
Angiosperm,coffea_arabica,16.0897655224188,37562.400121446415
Angiosperm,coffea_stenophylla,8.376223715665144,27182.79082494837
Angiosperm,colutea_arborescens,9.193125751872351,11305.499085840713
Angiosperm,cornus_sanguinea,15.53317275680736,9204.614021481078
Angiosperm,corylus_avellana,5.542349633259947,10210.151819314548
Angiosperm,cucumis_dipsaceus,16.0897655224188,14806.591430627148
Angiosperm,cypripedium_formosanum,431.6424043684756,179632.81135541227
Angiosperm,cypripedium_pubescens,493.1358685780837,599840.4151936105
Angiosperm,dendrobium_lindleyi,16.0897655224188,30647.238906596307
Angiosperm,dendrobium_moschatum,66.41575068316622,26144.973858154222
Angiosperm,elaeis_guineensis,29.623782561170803,14201.465171033717
Angiosperm,eucommia_ulmoides,9.73924094261393,34408.8071327787
Angiosperm,fagus_sylvatica,7.02140604148491,5905.537664376597
Angiosperm,ficus_carica,4.74151248859394,4285.976888539422
Angiosperm,ficus_pumila,9.193125751872351,9230.627994036631
Angiosperm,ficus_retusa,9.193125751872351,844.3051405682505
Angiosperm,fraxinus_excelsior,11.10938239824216,8435.68567674791
Angiosperm,gossypium_arboreum,23.38354447009814,22375.39185852599
Angiosperm,hedera_helix,20.285563726931212,17405.95450808854
Angiosperm,helianthemum_nummularium,30.193672630075095,19104.444489166857
Angiosperm,helleborus_multifidus,218.5724002494917,135152.28382033767
Angiosperm,hosta_longissima,142.45366037966986,50601.92727062697
Angiosperm,hosta_rectifolia,143.96347311564827,96468.0146191773
Angiosperm,hosta_ventricosa,292.6050548073794,108838.51813500797
Angiosperm,ilex_aquifolium,16.0897655224188,3619.354231904887
Angiosperm,iris_siberica,68.0306687735882,101865.9394890331
Angiosperm,lawsonia_inermis,4.342918297603471,38605.95660121299
Angiosperm,ligustrum_vulgare,20.707040486281773,13486.512445718516
Angiosperm,liriodendron_tulipifera,25.079925732767617,7787.610368996015
Angiosperm,lonchocarpus_emarginatus,6.482085999678049,4366.843056663575
Angiosperm,magnolia_kobus,11.934537264058545,11445.014756747494
Angiosperm,maranta_bicolor,6.482085999678049,24794.392520681205
Angiosperm,miltonia_clowesii,53.2606219145563,20446.380847066877
Angiosperm,musa_acuminata,11.24675504890484,14502.976252059008
Angiosperm,nandina_domestica,30.193672630075095,9465.8517383327
Angiosperm,olea_europaea,26.638693599555165,5095.518001716729
Angiosperm,origanum_vulgare,9.193125751872351,23361.418910960532
Angiosperm,paeonia_clusii,439.508976696576,123237.1068869448
Angiosperm,paeonia_delavayi,217.03895717963132,48053.93567806628
Angiosperm,paeonia_mascula,443.4442252226311,182299.5561253171
Angiosperm,paphiopedilum_glanduliferum,356.4075676485525,253769.2025609037
Angiosperm,peperomia_glabella,23.10124828466358,39278.81792327232
Angiosperm,peperomia_magnoliaefolia,18.883018220159435,50831.55310244505
Angiosperm,phoenix_roebelenii,20.285563726931212,6382.690653249806
Angiosperm,phragmites_australis,41.81153580198789,3318.8851221376353
Angiosperm,piper_ornatum,10.560528041157925,26477.08820956603
Angiosperm,pittosporum_tenuifolium,5.944424608721814,15636.750028178967
Angiosperm,platanus_orientalis,17.484323829700234,11389.140051635904
Angiosperm,prunus_domestica,4.210348288466651,10345.027246973908
Angiosperm,prunus_serotina,6.482085999678049,29681.71250394317
Angiosperm,prunus_subhirtella,3.9456762462408106,3657.519458947444
Angiosperm,pulsatilla_patens,64.94890348658197,101750.0730245188
Angiosperm,quercus_cerris,13.31444291530906,5506.502307742106
Angiosperm,quercus_coccifera,13.31444291530906,6359.689980064004
Angiosperm,quercus_petraea,12.072272845007983,11361.236898799223
Angiosperm,quercus_robur,11.934537264058545,17470.30180389341
Angiosperm,rosa_acicularis,9.193125751872351,16355.732039371896
Angiosperm,rosa_blanda,3.813583785659614,3562.35718707311
Angiosperm,rosa_bracteata,7.8332412774892335,1579.899902653793
Angiosperm,rosa_canina,18.883018220159435,15327.525293398356
Angiosperm,salix_alba,10.972072634958186,9995.582134513825
Angiosperm,sambucus_nigra,193.78162647543948,71412.11909279716
Angiosperm,sambucus_racemosa,168.3485587611184,80125.06759204526
Angiosperm,senecio_crassifolius,38.78641353625076,36117.52871006581
Angiosperm,sorbus_alnifolia,9.193125751872351,12094.08311088452
Angiosperm,streptopus_amplexifolius,93.74725776321806,446906.2591651642
Angiosperm,thespesia_populnea,57.63360018679192,34449.16936731564
Angiosperm,tradescantia_paludosa,308.123045219964,243936.50558434956
Angiosperm,tradescantia_virginiana,668.0267593493585,634379.4762283522
Angiosperm,vitis_vinifera,5.141352995406774,14593.8405401249
Angiosperm,xanthosoma_violaceum,31.62012715535687,9942.177492184415
Aves,accipiter_nisus,13.443095571822994,405.7998378100861
Aves,acrocephalus_baeticatus,14.66915923084243,344.72067869309774
Aves,agapornis_roseicollis,14.287556159609997,235.7456363241513
Aves,alcedo_atthis,15.471713410674695,299.14245247482296
Aves,amadina_fasciata,11.362619811118469,223.69605770130917
Aves,amazilia_amazilia,12.385397416640796,227.54346150440944
Aves,amazona_albifrons,16.275813100000484,329.05669772230146
Aves,amazona_amazonica,16.54427709111853,321.5535202636168
Aves,amazona_autumnalis,16.7355838679248,422.2007311110333
Aves,amazona_leucocephala,17.94168897439616,300.21897155745165
Aves,anas_platyrhynchos,15.486059001967856,252.85200102203245
Aves,anthropoides_paradisea,16.7355838679248,361.00669500930786
Aves,anthropoides_virgo,15.978817656355158,326.8512996794829
Aves,apus_affinis,14.096895472801888,291.9419221127951
Aves,ara_ararauna,15.884078566268505,264.92780275774754
Aves,ara_macao,15.42670748369792,197.08572072785503
Aves,aratinga_solstitialis,15.127567993117722,255.21460959722793
Aves,ardea_cinerea,15.356966450826356,371.10429739672543
Aves,ardea_herodias,16.275813100000484,410.0134460102047
Aves,athene_noctua,18.581150119404658,449.1660680543464
Aves,aulacorhynchus_prasinus,18.581150119404658,428.9321169701307
Aves,balearica_pavonina,16.383503512257427,322.00958180152463
Aves,balearica_regulorum,16.23377699581799,382.265328897378
Aves,basileuterus_bivittatus,15.969311831305395,216.76989309769604
Aves,bombycilla_cedrorum,13.639701624754442,254.37389604439025
Aves,brotogeris_cyanoptera,14.66915923084243,375.6344740031963
Aves,bubo_bubo,18.966443096121175,295.9631607093865
Aves,buteo_buteo,15.701301701916757,353.2875400600517
Aves,cacatua_galerita,16.29732937554099,331.8594385204163
Aves,cacatua_sulphurea,15.816142606197898,338.7029579651481
Aves,caloenas_nicobarica,17.081387413916477,296.6495987041955
Aves,campephilus_haematogaster,16.04591688621671,374.5783752728149
Aves,campylopterus_largipennis,11.93042722503374,182.26263939066612
Aves,cardinalis_cardinalis,15.127567993117722,224.3097154663121
Aves,carduelis_tristis,14.554639257515111,240.7707883064944
Aves,catharus_ustulatus,15.395211920837388,195.39868547287475
Aves,cereopsis_novaehollandiae,15.701301701916757,368.9423580522797
Aves,certhia_americana,13.183074766196803,235.91266433356964
Aves,chlorospingus_flavigularis,16.04591688621671,267.94957901732965
Aves,chrysolophus_pictus,13.2971773520961,295.0479100496444
Aves,ciconia_abdimii,17.634599869919985,415.27927889640074
Aves,columba_livia,16.04591688621671,300.18598483458896
Aves,contopus_virens,12.613116314545008,288.1133678656152
Aves,coracias_garrulus,14.096895472801888,354.3627501457446
Aves,corvus_brachyrhynchos,14.077834634852598,342.6590085141784
Aves,corvus_corax,13.2971773520961,278.8058760305814
Aves,corvus_monedula,13.753947615865732,220.1591479721415
Aves,crotophaga_ani,14.149386789892118,349.3340976194125
Aves,crypturellus_obsoletus,14.89829830846172,414.3299943162415
Aves,cyanocitta_cristata,14.96354478791408,383.2629584034396
Aves,cyanoliseus_patagonus,14.497282939223512,253.06994901237456
Aves,cyclarhis_gujanensis,15.701301701916757,269.13395944772867
Aves,cygnus_atratus,16.04591688621671,351.492381657913
Aves,dacnis_cayana,16.04591688621671,275.0715092126259
Aves,dendrocincla_fuliginosa,13.582591898771152,277.3513186319711
Aves,dendrocygna_viduata,15.127567993117722,344.20139836922255
Aves,dendroica_caerulescens,15.471713410674695,234.83248005950844
Aves,dendroica_coronata,14.915402510125524,208.8240918770893
Aves,dendroica_dominica,15.471713410674695,216.26252588414008
Aves,dendroica_magnolia,16.04591688621671,226.5198258981131
Aves,dendroica_virens,14.440152648330782,226.5198258981131
Aves,dolichonyx_oryzivorus,14.554639257515111,206.52097066413717
Aves,dromaius_novaehollandiae,17.651861043431325,554.1769440932463
Aves,dryocopus_lineatus,18.581150119404658,432.475833483371
Aves,emberiza_flaviventris,14.497391767186723,238.05732491841897
Aves,empidonax_alnorum,13.14504868226031,218.7176805429196
Aves,enicognathus_leptorhynchus,14.096895472801888,272.1011937090465
Aves,erithacus_rubecula,20.317218616899172,214.31421484014
Aves,estrilda_astrild,13.183074766196803,171.00317132020004
Aves,falco_peregrinus,16.04591688621671,303.34590344532097
Aves,falco_sparverius,15.766773031732264,344.5432175076286
Aves,falco_tinnunculus,15.829390129074737,373.8945552718873
Aves,francolinus_natalensis,13.3542422664155,251.45778838230524
Aves,fringilla_coelebs,12.271595917116636,220.1591479721415
Aves,gallinula_chloropus,16.96621759571043,367.58519002592453
Aves,gallus_domesticus,13.924365762190265,337.62120289476195
Aves,garrulus_glandarius,13.639701624754442,272.1011937090465
Aves,geothlypis_trichas,15.93101440306855,216.89503320506415
Aves,geotrygon_montana,16.735964988202696,309.47770448375957
Aves,glaucidium_peruanum,17.196585999949033,356.3272927517908
Aves,glaucis_hirsutus,11.135787928185268,304.12816001606774
Aves,goura_cristata,15.356966450826356,362.7335237712345
Aves,gyps_bengalensis,15.356966450826356,419.420159813224
Aves,haliaeetus_leucocephalus,15.816142606197898,400.4555985777574
Aves,heliodoxa_aurescens,12.765013725478966,255.61411546300576
Aves,hirundo_rustica,14.440152648330782,255.21460959722793
Aves,icterus_galbula,13.733365905784138,285.37408587959885
Aves,junco_hyemalis,14.325699648150223,213.24973852934824
Aves,lanius_collurio,13.467350575894024,197.3379565885781
Aves,larus_argentatus,17.196585999949033,294.22271837930094
Aves,larus_ridibundus,20.317218616899172,259.5039307669236
Aves,lepidocolaptes_souleyetii,13.868228765788004,255.44918184869388
Aves,leptoptilos_crumeniferus,17.196585999949033,382.265328897378
Aves,lonchura_striata,15.701301701916757,210.4175927521352
Aves,lophotriccus_pileatus,12.385397416640796,246.63596725782472
Aves,lorius_garrulus,15.012916940773977,235.7456363241513
Aves,melanerpes_cruentatus,18.465619628297507,357.85607027684114
Aves,melanerpes_formicivorus,18.812290782912346,282.81873704676576
Aves,meleagris_gallopavo,16.104915157330947,327.2932170460901
Aves,melospiza_georgiana,16.505829651877523,198.66855982648588
Aves,melospiza_melodia,15.816142606197898,216.26252588414008
Aves,milvus_milvus,16.62088256749073,329.05669772230146
Aves,mimus_polyglottos,13.411316213700024,247.19973039649207
Aves,mniotilta_varia,14.211280505529366,210.76602105728256
Aves,motacilla_capensis,11.476098889151322,306.1775256237592
Aves,myiarchus_crinitus,14.0397158275579,265.5991441136646
Aves,myioborus_miniatus,15.356966450826356,226.0040811041459
Aves,myiozetetes_similis,14.66915923084243,222.3634988174106
Aves,numida_meleagris,13.835321816543996,218.41189885797212
Aves,nyctea_scandiaca,18.696707221718555,338.7406570769915
Aves,nycticorax_nycticorax,14.89829830846172,377.4429841741142
Aves,nymphicus_hollandicus,15.404611064239347,229.90070319215008
Aves,otus_asio,16.04591688621671,385.9907341857579
Aves,otus_scops,15.471713410674695,409.38879267092415
Aves,parus_atricapillus,15.816142606197898,195.0232651507723
Aves,parus_caeruleus,16.275813100000484,221.3985062739831
Aves,parus_carolinensis,16.62088256749073,170.76859906873108
Aves,parus_major,16.735964988202696,263.25237440143343
Aves,passer_domesticus,15.357865739448345,185.54665091121757
Aves,pavo_muticus,14.783712327063576,364.2456770351636
Aves,pelecanus_occidentalis,15.176227962294442,441.7092664336896
Aves,phaethornis_guy,13.064695361725748,277.3513186319711
Aves,phalacrocorax_auritus,15.816142606197898,350.3953482436789
Aves,phasianus_colchicus,13.069173233664117,300.1791780505077
Aves,pheucticus_aureoventris,15.777858861991378,258.82796474762716
Aves,philydor_erythrocercum,13.2971773520961,231.84901423614835
Aves,pica_pica,13.753947615865732,382.8816046562587
Aves,picoides_dorsalis,15.758718279478677,241.2620112244687
Aves,picoides_villosus,15.242251237915466,257.6922790033572
Aves,pionites_leucogaster,14.611895088822823,280.9500130166582
Aves,pionus_fuscus,16.16084985212242,299.14245247482296
Aves,pionus_senilis,14.211280505529366,393.1598486212509
Aves,pipilo_erythrophthalmus,15.586105027978611,222.10745901614635
Aves,piranga_olivacea,13.982544806169049,239.51292951458413
Aves,platalea_leucorodia,13.753947615865732,361.60621560737246
Aves,ploceus_capensis,12.72703306483354,276.70676853920975
Aves,podiceps_auritus,16.85107672610365,437.04973058761846
Aves,polioptila_caerulea,15.242251237915466,207.81635403496313
Aves,progne_subis,16.16084985212242,335.21160132946176
Aves,psittacula_derbiana,14.173148358727238,252.83328236580653
Aves,psittacula_krameri,15.127567993117722,258.82796474762716
Aves,psittacus_erithacus,15.109853740735948,287.3845183699832
Aves,pyrrhura_lepida,14.860099341951482,358.2923589566112
Aves,quiscalus_quiscula,14.554639257515111,215.3603651937863
Aves,rallus_aquaticus,13.753947615865732,403.2574510086598
Aves,ramphastos_toco,18.7544957044065,412.8874796894682
Aves,ramphocelus_carbo,15.242251237915466,273.6955519807412
Aves,regulus_calendula,14.199572869396736,155.29827975932938
Aves,saltator_maximus,15.471713410674695,348.29502573472524
Aves,sayornis_phoebe,16.04591688621671,190.22971836016717
Aves,seiurus_aurocapilla,14.783712327063576,202.9272504678128
Aves,selasphorus_platycercus,12.271595917116636,208.4692817081339
Aves,serinus_canaria,17.244224581619353,300.8986027681744
Aves,sitta_canadensis,13.411316213700024,211.54620991294132
Aves,spizella_passerina,14.182653274143243,168.99992624049256
Aves,spizella_pusilla,14.096895472801888,205.95914917791845
Aves,stelgidopteryx_serripennis,15.012916940773977,278.257144513758
Aves,streptopelia_capicola,14.745524296080845,318.00666916207575
Aves,streptopelia_turtur,13.525491065051463,374.04587531803713
Aves,strix_aluco,17.82987591546629,358.5372362757188
Aves,strix_nebulosa,18.350115902523864,437.8825144402029
Aves,struthio_camelus,24.272108864316273,582.5821776694488
Aves,sturnus_vulgaris,14.43980311613033,229.97052909752048
Aves,synallaxis_gujanensis,15.012916940773977,216.26252588414008
Aves,tangara_cyanicollis,14.630982214238518,236.9106435998619
Aves,thalurania_furcata,10.795861775717809,242.346646088119
Aves,thraupis_episcopus,15.127567993117722,292.4822760492121
Aves,toxostoma_rufum,13.752119285496374,292.4822760492121
Aves,trichoglossus_haematodus,14.66915923084243,254.40355509382164
Aves,troglodytes_aedon,14.411536237796057,245.55473578621297
Aves,troglodytes_troglodytes,14.4397157344022,210.4175927521352
Aves,trogon_collaris,15.58649189938542,416.7176047329684
Aves,turdus_merula,15.353131116607123,245.75844360441835
Aves,turdus_migratorius,15.241835655618978,213.32004148470935
Aves,turdus_philomelos,16.05067145156935,224.0557700601481
Aves,tyto_alba,18.119189372677347,449.1660680543464
Aves,vermivora_peregrina,14.89829830846172,301.29130184987235
Aves,vidua_paradisaea,12.954979588824218,307.4823337725499
Aves,vireo_olivaceus,13.856818355264725,242.11616265217032
Aves,wilsonia_pusilla,13.982544806169049,239.07565434264447
Aves,xiphorhynchus_ocellatus,15.242251237915466,302.4251549984358
Aves,zenaida_auriculata,15.58649189938542,304.0056379025781
Aves,zonotrichia_albicollis,14.8588755912298,177.99355291376006
Fish,abalistes_stellatus,31.984326618408485,218.8814494179475
Fish,acanthurus_grammoptilus,37.407448014131845,262.22028932218325
Fish,acipenser_brevirostrum,358.46788987536615,2012.89713736599
Fish,acipenser_oxyrhynchus,113.825741397614,712.7746049167541
Fish,aeoliscus_strigatus,22.00779767758155,288.20233572519095
Fish,amphiprion_akindynos,44.422685967628375,328.50726473666293
Fish,amphiprion_clarkii,51.741443192411495,226.47664439046025
Fish,apogon_cookii,56.467084474287375,411.9030784507207
Fish,apogon_guamensis,65.96143566774774,440.8491317446567
Fish,apogon_kallopterus,40.51980820618608,407.5719672828104
Fish,apogon_savayensis,40.00044708171133,454.2301620198093
Fish,aprion_virescens,34.046550234921,371.0682556346576
Fish,aptychotrema_rostrata,157.5513804714028,2739.4361795118975
Fish,arothron_manilensis,24.297484595241073,240.37918719691228
Fish,aulacocephalus_temmincki,50.169706856331864,263.57146066431955
Fish,balistapus_undulatus,33.272658541741976,302.49586933567156
Fish,bathyraja_parmifera,143.10030062572696,2543.7631566136247
Fish,betta_splendens,31.46952731409637,322.5329459044628
Fish,boreogadus_saida,44.422685967628375,634.1662752628242
Fish,bothrocara_pusillum,40.00044708171133,318.11860126458663
Fish,caelorinchus_innotabilis,39.74085994718766,415.7863238925335
Fish,caelorinchus_maurofasciatus,37.407448014131845,413.196143807948
Fish,caesio_cuning,58.57215781601086,415.1382731396528
Fish,callionymus_limiceps,51.479362830753715,295.4442184627808
Fish,canthigaster_bennetti,18.21167408944195,218.50769777611063
Fish,canthigaster_valentini,21.246482606997912,192.16507338168788
Fish,carangoides_aurochs,31.46952731409637,181.3857749546968
Fish,carangoides_fulvoguttatus,32.241841711968114,255.10572476406372
Fish,carangoides_gymnostethus,29.15685876037348,230.4966573191394
Fish,carcharhinus_brachyurus,150.18307589412103,1746.8660539670148
Fish,carcharhinus_melanopterus,158.09769638449245,1298.6743414273842
Fish,catostomus_catostomus_catostomus,108.4331224469955,1217.116552112889
Fish,catostomus_commersoni,131.95789258932368,814.4640060987819
Fish,centropyge_bicolor,34.82109405136936,251.18146712396427
Fish,centroscymnus_coelolepis,558.4565733614234,11044.758813140004
Fish,centroscymnus_crepidater,641.6868350981366,11332.79919701034
Fish,centroscymnus_owstoni,560.4604336517193,10826.376455932634
Fish,centroscymnus_plunketi,537.0035348722337,7974.26713072393
Fish,cephalopholis_cyanostigma,62.2627344821493,568.3140406947889
Fish,chaetodon_lunulatus,34.56284116269893,305.74984148888234
Fish,chaetodon_rainfordi,37.407448014131845,221.20345583965224
Fish,chromis_analis,46.77060105068241,268.2787373622919
Fish,chromis_viridis,46.509501795240176,345.25442132227244
Fish,chrysiptera_cyanea,53.839837415794854,404.4483496420518
Fish,coregonus_clupeaformis,127.34791098639168,966.9415728867664
Fish,coris_batuensis,40.00044708171133,238.83796859311593
Fish,corydoras_metae,169.58615100272348,737.7437316221457
Fish,coryphaena_hippurus,29.927019128703293,208.86526877419513
Fish,coryphaenoides_serrulatus,42.59969088869066,817.8264429381528
Fish,corythoichthys_intestinalis,68.34326369884604,764.0183800929501
Fish,crossosalarius_macrospilus,41.29931150705353,395.4899315253473
Fish,cryptocentrus_leptocepgus,70.46303206332946,536.3518296621955
Fish,cyclopteropsis_jordani,42.85994474262379,863.6093597805933
Fish,dascyllus_aruanus,43.64105626430002,312.71347311457293
Fish,dasyatis_bennetti,237.1290848677779,1762.7289082475586
Fish,diagramma_labiosum,41.81928392261936,260.39592236729857
Fish,diretmichthys_parini,74.70959922692431,829.6895607968282
Fish,dischistodus_prosopotaenia,37.925529769809025,311.7034534136629
Fish,dissostichus_mawsoni,51.741443192411495,838.5656973795842
Fish,drepane_punctata,35.85481039742056,303.6626264096324
Fish,echeneis_naucrates,34.046550234921,205.9276690214011
Fish,ecsenius_mandibularis,41.29931150705353,271.2448982512265
Fish,ecsenius_yaeyamaensis,33.788513198506195,253.14106114879948
Fish,epinephelus_cyanopodus,51.741443192411495,392.579249382843
Fish,epinephelus_merra,56.467084474287375,476.5353934974031
Fish,epinephelus_spilotoceps,37.66645590090576,318.11860126458663
Fish,esox_lucius,56.20415237872986,477.3108781762056
Fish,esox_niger,45.98746640154531,491.5370566379201
Fish,etmopterus_brachyurus,659.2467783251822,9880.880165107925
Fish,etmopterus_granulosus,707.1194643044754,8218.412672685354
Fish,eumicrotremus_spinosus,47.81553528242149,740.6604516539443
Fish,euristhmus_lepturus,89.90784300013402,915.6322425430895
Fish,farlowella_acus,76.03851170524025,584.6286626241258
Fish,fistularia_petimba,34.30465972462132,280.127149321921
Fish,gadus_morhua,46.77060105068241,503.4323312445062
Fish,gaidropsarus_ensis,41.559267595412344,609.9134066185213
Fish,gerres_subfasciatus,29.927019128703293,240.37918719691228
Fish,gobiodon_citrinus,53.839837415794854,334.1735727903314
Fish,gymnelus_viridis,45.98746640154531,728.9049633046858
Fish,gyrinocheilus_aymonieri,30.955039742348937,193.38349826631023
Fish,halargyreus_johnsonii,47.29296127558512,777.3272322516101
Fish,halichoeres_biocellatus,32.75709994214437,412.8265587198452
Fish,helicolenus_barathri,48.33832090688845,402.88954732811584
Fish,helicolenus_percoides,48.33832090688845,444.9157279755932
Fish,hemiglyphidodon_plagiometopon,44.683342885221855,463.608703971302
Fish,hemitripterus_americanus,44.94405613158586,581.9334093165633
Fish,himantura_signifer,180.55444839424763,1619.0758689021245
Fish,hippocampus_abdominalis,28.900305016210936,551.0348001725685
Fish,hippoglossus_hippoglossus,36.113413311411776,445.4841489067278
Fish,hypostomus_plecostomus,81.09611459721864,528.8092158969333
Fish,icelus_spatula,40.00044708171133,413.56583912124984
Fish,idiacanthus_atlanticus,66.4904595401541,2422.46597382611
Fish,istigobius_rigilius,84.8303039375817,756.3185968231032
Fish,isurus_oxyrinchus,269.3744463365793,2647.772574082814
Fish,kathetostoma_canaster,33.788513198506195,804.8660399417084
Fish,lagocephalus_lunaris,21.500143802842903,273.255206648501
Fish,leiognathus_decorus,33.53054912756942,192.9531728651533
Fish,lepidopsetta_bilineata,35.85481039742056,222.40510267232668
Fish,lethrinus_atkinsoni,61.99884712742956,384.70215886786593
Fish,lethrinus_nebulosus,57.7824213838125,399.4124295048937
Fish,lethrinus_rubrioperculatus,59.3622888361051,450.89619622911465
Fish,leucoraja_ocellata,155.3668206251483,2910.429166691542
Fish,limanda_aspera,40.51980820618608,413.4734049611084
Fish,limanda_ferruginea,38.44387378953684,341.17168082071765
Fish,liparis_tunicatus,44.162085684779,853.9390669895927
Fish,liposarcus_pardalis,86.9668809370915,913.5848815351928
Fish,liza_vaigiensis,38.703143121403905,288.7761988968964
Fish,lophius_americanus,52.003572730262775,581.3120175615485
Fish,lutjanus_carponotatus,55.41563018517921,370.53344676616064
Fish,lutjanus_fluviflamma,62.79063332098174,318.288008523172
Fish,lutjanus_sebae,39.74085994718766,330.4782193564503
Fish,lutjanus_vitta,50.69341913185685,329.7065082500763
Fish,lycodichthys_dearbornii,56.20415237872986,977.8812910431838
Fish,macrourus_berglax,47.55422169258381,368.75260865548194
Fish,macrozoarces_americanus,45.72653083356376,271.16458888123066
Fish,mesobius_antipodum,39.48133559944097,893.9125247607259
Fish,morone_saxatilis,47.81553528242149,326.54024399388413
Fish,mulloidichthys_vanicolensis,29.927019128703293,207.9825329858903
Fish,myxus_elongatus,42.079360141792314,275.10905544823197
Fish,neocyttus_rhomboidalis,64.11109703758889,2352.1594256349445
Fish,neogobius_melanostomus,64.63956587680374,547.6815499402178
Fish,neoscopelus_macrolepidotus,131.68654994506633,1433.5636625163268
Fish,novaculichthys_taeniourus,35.85481039742056,237.22324947813553
Fish,oncorhynchus_keta,130.3301481126473,1128.933730913229
Fish,oncorhynchus_mykiss,125.18063142360316,770.9476247230956
Fish,oncorhynchus_tschawytscha,128.16099440967793,858.2979974527055
Fish,oplopomus_oplopomus,67.5489739723341,498.8005946455419
Fish,oxynotus_bruniensis,694.1297113601315,12151.65627873455
Fish,pachypanchax_playfairii,36.37208483079532,173.6461375885529
Fish,paragobiodon_xanthosomus,63.05464448247467,304.8308797380737
Fish,parapercis_cylindrica,28.900305016210936,211.8167056765266
Fish,parapercis_hexoptgma,27.618815334020876,338.3147650845279
Fish,pelates_quadrilineatus,38.703143121403905,286.40124495183136
Fish,petroscirtes_fallax,28.900305016210936,314.98999577661965
Fish,petroscirtes_lupus,32.241841711968114,352.2408889419156
Fish,petroscirtes_mitratus,33.01484196826281,305.1649409575823
Fish,plagiotremus_rhinorhynchos,26.083939213858287,347.6071364368549
Fish,platybelone_argalus_platyura,50.43153781521426,485.7713585332708
Fish,platycepgus_indicus,39.74085994718766,278.3430754991093
Fish,plectopomus_leopardus,52.52797841847928,243.3165908891569
Fish,pleuronectes_americanus,34.82109405136936,269.5600672952575
Fish,podothecus_acipenserinus,37.66645590090576,298.42403038630516
Fish,poecilia_mexicana,70.46303206332946,358.1278477989961
Fish,polypterus_palmas,195.95134138364267,1506.3526075667648
Fish,pomacentrus_nagasakiensis,42.85994474262379,349.17856947557664
Fish,premnas_biaculeatus,45.72653083356376,347.6071364368549
Fish,priacanthus_tayenus,42.079360141792314,238.29932324509429
Fish,prosopium_cylindraceum,102.51271557008492,815.2752059538008
Fish,psettodes_erumei,35.07941789982642,423.8687243935548
Fish,pseudomonacanthus_peroni,20.992933530362517,158.64285929468662
Fish,pseudorhombus_jenynsii,26.85097102362893,231.7148719504204
Fish,pterois_volitans,49.64619698745321,233.0879195533038
Fish,reinhardtius_evermanni,35.59627654686957,299.00459489054884
Fish,rhamphichthys_rostratus,46.77060105068241,203.51461239960824
Fish,salmo_salar,172.87395698988104,1183.23146729157
Fish,salvelinus_alpinus,165.05743202267328,1371.5154503131962
Fish,salvelinus_fontinalis,169.58615100272348,1213.2769998830297
Fish,salvelinus_namaycush,149.09259759781094,1388.200154417371
Fish,sarda_australis,40.77958145509989,315.9190448609832
Fish,scarus_schlegeli,75.24106002591607,416.15678986398075
Fish,scatophagus_multifasciatus,34.56284116269893,306.92076194478096
Fish,scolopsis_monogramma,38.1846692033877,277.2906374026514
Fish,scophthalmus_maximus,43.38062775589463,296.8501097045036
Fish,scorpaena_cardinalis,73.1160604941666,612.5457453400514
Fish,scorpaenopsis_oxycepgus,60.943715297979445,448.8047548600564
Fish,sebastes_alutus,47.81553528242149,347.258250066609
Fish,sebastes_atlanticus,50.95535056533301,550.4246109483548
Fish,sebastes_polyspinis,49.38451857132359,337.2778736969561
Fish,semotilus_corporalis,62.526663267317744,479.5427364986178
Fish,seriola_hippos,38.1846692033877,234.92285091632155
Fish,siganus_doliatus,33.01484196826281,281.7523284791888
Fish,siganus_fuscescens,28.38745120282578,227.4605019711809
Fish,signigobius_biocellatus,43.38062775589463,422.0991782877858
Fish,sillaginodes_punctata,31.212244265475395,271.4055407705313
Fish,sillago_analis,33.01484196826281,138.34829893046708
Fish,soleichthys_heterorhinos,36.37208483079532,195.3959032261147
Fish,sphyrna_lewini,161.37705262467068,2618.646840065823
Fish,squalus_acanthias,312.9631269898617,4436.382065358282
Fish,squatina_australis,921.3165274501712,8346.435634259593
Fish,sufflamen_fraenatus,31.46952731409637,218.95622529276383
Fish,syngnathus_scovelli,26.339524866422156,242.0783400066775
Fish,synodontis_notatus,47.29296127558512,314.8211757721973
Fish,synodus_sageneus,68.34326369884604,415.5085465969302
Fish,terapon_jarbua,31.984326618408485,239.29998715201825
Fish,terapon_puta,40.26009662563605,276.23952911174047
Fish,tetrabrachium_ocellatum,38.1846692033877,585.5626017435798
Fish,tetraodon_nigroviridis,25.06253240936507,235.6121857476093
Fish,thunnus_alalunga,45.72653083356376,491.6349756370438
Fish,thymallus_arcticus,103.05042204771718,951.158130884678
Fish,trematomus_bernacchii,60.68003757091088,633.633377371009
Fish,triglopsis_quadricornis,46.24845681765625,862.9005472325634
Fish,tripodichthys_angustifrons,25.06253240936507,165.95164040102387
Fish,ucla_xenogrammus,41.29931150705353,350.7523634041565
Fish,upeneichthys_lineatus,31.46952731409637,274.86701219975777
Fish,urophycis_tenuis,44.683342885221855,468.22553304312794
Fish,valenciennea_longipinnis,46.77060105068241,409.50525849652735
Fish,zebrasoma_scopas,36.113413311411776,335.7245272361174
Fish,zenopsis_nebulosus,62.79063332098174,763.4513344776144
Mammalia,acinonyx_jubatus,45.301094074248546,58.99999999999943
Mammalia,ateles_geoffroyi,57.482606094394335,82.99999999999925
Mammalia,ateles_paniscus,62.126748831809955,78.99999999999974
Mammalia,bison_bison,88.90156406124972,59.99999999999951
Mammalia,bos_taurus,64.73123600192804,51.370755098229544
Mammalia,callicebus_cupreus,40.53289391533479,78.99999999999974
Mammalia,callithrix_jacchus,61.383210935058685,71.00000000000075
Mammalia,camelus_bactrianus,46.503054801653384,27.000000000000167
Mammalia,camelus_dromedarius,49.52583446405925,45.16635916254493
Mammalia,canis_familiaris,55.45095608055191,69.82086327590086
Mammalia,canis_latrans,50.08798832224231,78.99999999999974
Mammalia,capra_falconeri,57.71693626110842,25.455844122715902
Mammalia,capra_hircus,57.85602503572301,20.813184837517326
Mammalia,cavia_porcellus,68.64245324848204,80.5683969581706
Mammalia,cebus_albifrons,71.63458921485426,78.8416133777083
Mammalia,cebus_apella,66.40838195906396,96.00000000000034
Mammalia,cebus_capucinus,69.01576438271609,86.00000000000043
Mammalia,cebus_olivaceus,60.82577612482072,88.00000000000028
Mammalia,cercocebus_torquatus,88.90156406124972,89.999999999999
Mammalia,cercopithecus_cephus,81.47121714505816,82.00000000000063
Mammalia,chaetophractus_villosus,75.37632577747007,92.000000000001
Mammalia,chinchilla_laniger,71.2608073139367,55.99999999999995
Mammalia,chlorocebus_aethiops_aethiops,73.66048796685052,88.00000000000028
Mammalia,chlorocebus_pygerythrus,75.56359622841099,83.99999999999969
Mammalia,chlorocebus_sabaeus,70.84793126344836,88.00000000000028
Mammalia,clethrionomys_glareolus,52.414008193022866,35.00000000000034
Mammalia,dasypus_hybridus,88.71316146873242,68.00000000000057
Mammalia,dasypus_novemcinctus,98.5290960320625,73.48469228349464
Mammalia,delphinapterus_leucas,58.783479149040495,149.14422550001672
Mammalia,diceros_bicornis,59.71147556502239,69.00000000000077
Mammalia,didelphis_marsupialis,69.9531447302146,78.99999999999974
Mammalia,didelphis_virginiana,74.81461796850613,78.48566748139382
Mammalia,elephas_maximus,72.56935930405929,129.8204636494644
Mammalia,eptesicus_fuscus,41.23346313984239,37.99999999999998
Mammalia,equus_asinus,74.25306631559499,61.99999999999943
Mammalia,equus_caballus,58.04390011687404,51.020037764577815
Mammalia,erinaceus_europaeus,65.66299608128647,41.00000000000041
Mammalia,erythrocebus_patas,65.88154514737703,83.99999999999969
Mammalia,felis_catus,55.22795386312584,49.90397230523756
Mammalia,felis_concolor,54.33679016355369,48.00000000000031
Mammalia,felis_lynx,51.933716957985695,48.999999999999595
Mammalia,felis_silvestris,52.66769956716952,54.00000000000018
Mammalia,galago_senegalensis,73.38067096164295,70.00000000000051
Mammalia,giraffa_camelopardalis,49.14476442308088,39.00000000000007
Mammalia,gorilla_gorilla,67.1374551998772,86.498554901223
Mammalia,homo_sapiens,62.68461884506971,88.31703728962542
Mammalia,hylobates_agilis,58.004380922420225,82.00000000000063
Mammalia,hylobates_lar,54.91233832117918,72.75300681071472
Mammalia,lagostomus_maximus,58.96903530124372,84.99999999999946
Mammalia,lagothrix_lagothricha,63.4287314100562,77.94228634059859
Mammalia,lama_glama,57.94853106729705,32.632719178118165
Mammalia,lama_guanicoe,57.29981620967275,39.99999999999979
Mammalia,lasiuris_borealis,45.301094074248546,22.00000000000019
Mammalia,lemur_catta,58.5161596473811,77.99999999999991
Mammalia,lepus_brachyurus,59.24741006266923,66.00000000000021
Mammalia,loxodonta_africana,78.24967620156633,134.50000000000097
Mammalia,lycaon_pictus,48.42898140934521,68.00000000000057
Mammalia,macaca_arctoides,61.94083330155521,77.97435475847217
Mammalia,macaca_fascicularis,61.44417189662845,69.04214221318239
Mammalia,macaca_fuscata,63.80090921191758,75.99999999999977
Mammalia,macaca_maura,61.383210935058685,75.49834435270823
Mammalia,macaca_mulatta,60.03583063068853,76.99350621968138
Mammalia,macaca_nemestrina,63.80090921191758,75.41883053985836
Mammalia,macaca_nigra,61.75493843689518,73.29392880723499
Mammalia,macaca_silenus,60.78040824114994,78.99999999999974
Mammalia,macaca_sylvanus,62.68461884506971,82.00000000000063
Mammalia,macropus_giganteus,77.97287690877398,80.50000000000028
Mammalia,mandrillus_sphinx,62.68461884506971,87.74964387392104
Mammalia,meriones_unguiculatus,65.29042040972773,54.999999999999496
Mammalia,mesocricetus_auratus,62.51718307386256,59.29792806996971
Mammalia,microtus_arvalis,50.27244937058802,41.00000000000041
Mammalia,microtus_pennsylvanicus,46.58810938505365,39.00000000000007
Mammalia,miopithecus_talapoin,65.84931331074431,84.99999999999946
Mammalia,monodelphis_dimidiata,75.1890725573204,58.99999999999943
Mammalia,mus_musculus,57.57451433790683,49.91554630345298
Mammalia,mustela_nivalis,52.3955324291299,64.00000000000041
Mammalia,mustela_putorius,49.90355243088889,57.699596207377645
Mammalia,myocastor_coypus,64.54550566989184,116.99999999999952
Mammalia,myrmecophaga_tridactyla,77.93692221408867,161.9999999999996
Mammalia,nasalis_larvatus,77.99966234865234,88.99999999999942
Mammalia,neotoma_floridana,68.64638693838116,54.00000000000018
Mammalia,ondatra_zibethicus,49.35039656257655,75.89466384404179
Mammalia,oryctolagus_cuniculus,56.29504146263609,66.57563346117946
Mammalia,oryzomys_albigularis,64.4524136368212,58.00000000000036
Mammalia,ovis_aries,52.98615838995873,34.31735610593246
Mammalia,panthera_leo,52.487913659957776,53.00000000000012
Mammalia,panthera_tigris_tigris,54.01967214044356,51.49999999999989
Mammalia,papio_hamadryas,63.33564694437965,85.10724527507624
Mammalia,peromyscus_crinitus,64.87136690499824,37.99999999999998
Mammalia,peromyscus_maniculatus,78.74979258888547,35.00000000000034
Mammalia,peromyscus_polionotus,63.987028300757665,35.00000000000034
Mammalia,phoca_largha,52.30315723065093,111.99999999999964
Mammalia,pipistrellus_subflavus,46.220254718222535,34.000000000000384
Mammalia,pongo_pygmaeus,67.90506208506982,83.46256645946158
Mammalia,procyon_lotor,50.6414465969188,54.221766846904
Mammalia,pteropus_giganteus,38.70270368324438,45.99999999999958
Mammalia,rangifer_tarandus,61.011566791002394,46.98936049788286
Mammalia,rattus_norvegicus,59.77750617486734,54.77039265919337
Mammalia,rattus_rattus,54.33291069436154,47.4868402823351
Mammalia,saimiri_sciureus,58.96903530124372,74.00000000000065
Mammalia,sciurus_carolinensis,83.30275572839165,62.621906067974216
Mammalia,sigmodon_hispidus,71.2608073139367,61.99999999999943
Mammalia,sorex_araneus,51.74903327377873,30.999999999999808
Mammalia,sus_scrofa_domesticus,55.77642216175489,62.39999999999941
Mammalia,tachyglossus_aculeatus,51.37973921152999,62.968245965724485
Mammalia,tapirus_indicus,48.7974702425137,61.99999999999943
Mammalia,tapirus_terrestris,67.9000805433317,51.00000000000043
Mammalia,trichechus_manatus_latirostris,75.1890725573204,129.00000000000034
Mammalia,tupaia_glis,63.52983823624754,62.4019230472913
Mammalia,tursiops_truncatus,56.14564580628253,115.3035208304867
Mammalia,urocyon_cinereoargenteus,54.70684781970396,58.00000000000036
Mammalia,ursus_arctos,48.7974702425137,67.4981481227446
Mammalia,vicugna_vicugna,57.85602503572301,30.999999999999808
Mammalia,vombatus_ursinus,71.82150728103908,74.00000000000065
Mammalia,vulpes_vulpes,50.6414465969188,54.96362433464517
Mammalia,zalophus_californianus,56.18800007243303,102.99999999999945
Phytoplankton,alexandrium_andersonii,418.89310051388935,5575.279762570702
Phytoplankton,alexandrium_insuetum,599.7501346708201,8181.230868723364
Phytoplankton,alexandrium_lusitanicum,603.7949095953003,3053.628059289291
Phytoplankton,alexandrium_tamarense,2111.5724425392536,8181.230868723364
Phytoplankton,amphidinium_carteri,23.84658071939492,955.000000000008
Phytoplankton,campylomonas_reflexa,163.2963075835773,1137.6999999999953
Phytoplankton,cgyrodinium_cohnii,62.68461884506971,1845.000000000003
Phytoplankton,chlamydomonas_reinhardii,1.936725371040856,299.9999999999983
Phytoplankton,chlorella_ellipsoida,1.2325569252042077,102.99999999999945
Phytoplankton,chroomonas_diplococcus,76.50020556742123,212.89999999999876
Phytoplankton,chroomonas_pauciplastida,25.283732991752185,144.99999999999835
Phytoplankton,chroomonas_placoidea,30.33669417625376,163.69999999999948
Phytoplankton,cochonina_niei,90.78639864255028,1380.0000000000111
Phytoplankton,coscinodiscus_asteromphalus,991.9340275050176,165599.9999999996
Phytoplankton,cryptomonas_czosnowski,105.9151196225931,1151.4000000000124
Phytoplankton,cryptomonas_irregularis,48.98175336295507,456.29999999999905
Phytoplankton,cryptomonas_ovata,135.44827633116762,1072.7999999999936
Phytoplankton,cryptomonas_ozolini,47.32414076572436,401.6999999999985
Phytoplankton,ditylum_brightwellii,242.9250001873299,14125.000000000116
Phytoplankton,dunaliella_tertiolecta,5.49905848563421,177.99999999999838
Phytoplankton,gonyaulax_polyedra,2037.468954534722,81279.9999999993
Phytoplankton,guillardia_theta,31.42373445935746,141.89999999999876
Phytoplankton,gymnodinium_breve,1008.4204456583284,17156.999999999818
Phytoplankton,gymnodinium_nelsoni,1438.1141544210318,53599.99999999997
Phytoplankton,gymnodinium_simplex,217.55354898919256,523.5987755982984
Phytoplankton,hanusia_phi,40.89897121451106,204.99999999999807
Phytoplankton,hemiselmis_virescens,14.94563475600112,97.5000000000007
Phytoplankton,heterocapsa_pygmaea,68.27319597169097,796.3282878380718
Phytoplankton,heterocapsa_triquetra,464.8782012982106,3591.3640018287556
Phytoplankton,karenia_brevis,1138.5886395148948,7238.229473870909
Phytoplankton,karenia_mikimotoi,2039.5848292967648,12770.050538066953
Phytoplankton,karlodinium_galatheanum,315.59435290295164,1436.7550402417176
Phytoplankton,katodinium_rotundatum,64.54550566989184,1288.2493375126687
Phytoplankton,monochrysis_lutheri,1.0945672440391836,41.70000000000024
Phytoplankton,peridinium_trochoideum,323.5500325074629,8250.000000000091
Phytoplankton,pfiesteria_piscicida,100.2317976015302,696.9099703213432
Phytoplankton,pfiesteria_shumwayae,379.057004971348,1436.7550402417176
Phytoplankton,plagioselmis_prolonga,12.13422989734866,88.7999999999998
Phytoplankton,polarella_glacialis,128.7565113023867,796.3282878380718
Phytoplankton,prorocentrum_balticum,153.6719753828949,1022.6538585904284
Phytoplankton,prorocentrum_dentatum,121.12456612396878,1949.8163904810945
Phytoplankton,prorocentrum_micans,580.6584664004513,23293.509226816015
Phytoplankton,prorocentrum_minimum,126.84691357030846,1022.6538585904284
Phytoplankton,prototheca_zopfii,1.0849631770444803,263.0000000000012
Phytoplankton,rhodomonas_salina,65.65383282786794,341.4282062161826
Phytoplankton,skeletonema_costatum,5.49905848563421,223.9999999999986
Phytoplankton,storeatula_major,85.88891732228404,922.2000000000024
Phytoplankton,syracosphaera_elongata,41.63148901937971,912.000000000008
Phytoplankton,thalassiosira_fluviatilis,58.783479149040495,2238.999999999998
Nucleoids of bacteria,acaligenes_odorans,0.04236833987439686,0.2500000000000003
Nucleoids of bacteria,anabaena_7120,0.08702612750001913,18.499999999999837
Nucleoids of bacteria,anacystis_nidulans,0.0523436777154538,3.999999999999996
Nucleoids of bacteria,bacillus_subtilis,0.0523436777154538,1.1
Nucleoids of bacteria,bdellovibrio_,0.03529515170238762,0.07999999999999934
Nucleoids of bacteria,chlorogloeopsis_6718,0.12371889775814272,33.50000000000038
Nucleoids of bacteria,haemophilus_aegypticus,0.02548332083056036,0.1930000000000001
Nucleoids of bacteria,moraxella_osloensis,0.0338864892837088,2.449999999999997
Nucleoids of bacteria,neisseria_sp.,0.02967385307159972,0.26999999999999985
Nucleoids of bacteria,nitrosomonas_sp.,0.03107574950583369,0.85
Nucleoids of bacteria,pasteurella_multocida,0.02548332083056036,0.6150000000000003
Nucleoids of bacteria,proteus_vulgaris,0.04805902872780256,0.3899999999999998
Nucleoids of bacteria,pseudomonas_fluorescens,0.06239034303534861,1.13
Nucleoids of bacteria,pseudomonas_putida,0.06239034303534861,1.13
Nucleoids of bacteria,streptococcus_pyrogenes,0.02827440622046681,0.26999999999999985
Nucleoids of bacteria,synechococcus_7424,0.09871501158628695,128.0000000000005
Nucleoids of bacteria,synechocystis_6808,0.04805902872780256,19.000000000000043
Nucleoids of bacteria,vibrio_metschnicovii,0.0523436777154538,0.4399999999999995
Reptilia,ameiva_ameiva,35.13522822996046,210.9999999999987
Reptilia,amyda_cartilaginea,82.69226675732561,899.0000000000026
Reptilia,anguis_fragilis,44.90840574742749,339.999999999996
Reptilia,boa_constrictor,39.44277890027957,386.0000000000045
Reptilia,caiman_crocodilus,50.336244220339424,493.00000000000017
Reptilia,caiman_latirostris,70.32667096852133,324.9999999999967
Reptilia,chalcides_mionecton,25.60456986309646,119.9999999999986
Reptilia,chelydra_serpentina,46.48018195877444,616.0000000000065
Reptilia,coluber_viridiflavus,47.472484207074054,265.00000000000136
Reptilia,cordylus_polyzonus,69.39299396936984,287.99999999999955
Reptilia,cordylus_tropidosternum,62.2966531967071,326.0000000000006
Reptilia,cordylus_warreni_depressus,64.6385381132385,393.0000000000031
Reptilia,coronella_girondica,45.66831998419638,378.000000000004
Reptilia,enhydrina_schistosa,48.7974702425137,414.9999999999972
Reptilia,epicrates_cenchria,46.43469680946928,685.0000000000068
Reptilia,eumeces_inexpectatus,47.32414076572436,335.99999999999693
Reptilia,geochelone_carbonaria,69.76640928462766,526.0000000000014
Reptilia,iguana_iguana,51.37973921152999,170.99999999999852
Reptilia,kinosternon_subrubrum,48.412446364061445,368.0000000000019
Reptilia,laticauda_colubrina,66.222006300523,478.00000000000136
Reptilia,lialis_burtonis,44.382623697549846,274.00000000000136
Reptilia,mabuya_capensis,29.974665272983614,306.0000000000001
Reptilia,ophisaurus_koellikeri,26.723918757615408,187.0000000000004
Reptilia,pelomedusa_subrufa,35.5857757917176,244.00000000000037
Reptilia,platysaurus_guttatus,44.06885017421065,296.000000000001
Reptilia,platysternon_megacephalum,47.876443045207424,811.0000000000074
Reptilia,podarcis_sicula_sicula,38.70436458450003,184.9999999999985
Reptilia,psammodromus_algirus,35.58128749515857,199.9999999999994
Reptilia,pseudemys_concinna,56.682591825714965,350.9999999999966
Reptilia,pseudocordylus_melanotus,43.28138904619954,419.99999999999943
Reptilia,python_reticulatus,27.57951370299579,268.0000000000006
Reptilia,sphenodon_punctatus,90.78639864255028,920.00000000001
Reptilia,sternotherus_odoratus,46.956071661234155,539.0000000000017
Reptilia,tarentola_mauritanica,46.90605239097635,204.00000000000065
Reptilia,testudo_graeca,99.096543060871,844.9999999999953
Reptilia,thalassophina_viperina,42.36448452948859,433.9999999999992
Reptilia,trogonophis_wiegmanni,28.708851025318243,235.00000000000193
Reptilia,varanus_bengalensis,41.124759972716895,293.00000000000034
Amphibians (frogs),bombina_bombina,350.83986555268984,3093.331514693158
Amphibians (frogs),bombina_orientalis,283.86974098268695,4032.789588589485
Amphibians (frogs),buergeria_buergeri,123.85504252357576,2162.253673580173
Amphibians (frogs),bufo_gargarizans,295.11374396463447,7122.63514049374
Amphibians (frogs),bufo_marinus,134.96131585709597,2016.501249879615
Amphibians (frogs),bufo_melanostictus,370.44433695516136,6800.696010814867
Amphibians (frogs),bufo_terrestris,86.18976797658729,1433.4237685263702
Amphibians (frogs),fejervarya_limnocharis,209.38077320021569,4574.906115283001
Amphibians (frogs),hoplobatrachus_rugulosus,119.73461443691932,1656.3679415897032
Amphibians (frogs),hyla_gratiosa,100.59382914662942,2349.0250829333067
Amphibians (frogs),hyla_japonica,154.76329727501357,2491.1043654920213
Amphibians (frogs),hypsiboas_cordobae,196.4768305384077,3252.4840692536363
Amphibians (frogs),ichthyophis_bannanicus,573.0479748246252,7609.265047077358
Amphibians (frogs),microhyla_ornata,193.24002096199217,5097.653144377742
Amphibians (frogs),odontophrynus_americanus,87.56351299239275,1934.3074376323511
Amphibians (frogs),paa_boulengeri,456.8076665510704,6448.3942185281385
Amphibians (frogs),paa_spinosa,157.63645690870194,1939.411081534866
Amphibians (frogs),paa_yunnanensis,315.4966367600401,5069.706420277662
Amphibians (frogs),polypedates_maculatus,136.42770120831952,1761.5300448126216
Amphibians (frogs),rana_japonica,130.90021749835,2334.1415569617025
Amphibians (frogs),rana_macrocnemis,165.54272476974143,3492.6656842738694
Amphibians (frogs),rana_nigromaculata,379.5702383195679,3446.085507748223
Amphibians (frogs),rana_pipiens,162.0805528655213,2224.3148097021726
Amphibians (frogs),rana_porosa,162.82523132418316,3300.2108161630117
Amphibians (frogs),rana_rugosa,352.4161476954972,4640.352240475144
Amphibians (frogs),rana_tagoi,225.34319200209896,3397.6623306428
Amphibians (frogs),rana_temporaria,98.35186242695576,2973.5401935879554
Amphibians (frogs),rana_tsushimensis,176.56141143336887,2930.64659319503
Amphibians (frogs),rana_zhenhaiensis,306.92076194478096,5622.807390657724
Amphibians (frogs),rhacophorus_annamensis,129.96502374622227,2119.55893007224
Amphibians (frogs),rhacophorus_schlegelii,146.18492424414634,2549.523769842463
Amphibians (frogs),xenopus_laevis,57.927083403716125,981.2081844720796
Amphibians (salamanders),ambystoma_macrodactylum,2920.1773638700265,30958.37691071875
Amphibians (salamanders),ambystoma_mexicanum,587.2241644310523,19897.22374180181
Amphibians (salamanders),ambystoma_opacum,2322.0287448597223,48641.51699107288
Amphibians (salamanders),ambystoma_talpoideum,642.2846818149974,9387.224703370845
Amphibians (salamanders),ambystoma_texanum,3657.519458947444,42051.82604368133
Amphibians (salamanders),ambystoma_tigrinum,388.0456808463218,4576.347949642803
Amphibians (salamanders),amphiuma_means,3753.514323069706,38709.99614853666
Amphibians (salamanders),amphiuma_tridactylum,4890.675201642571,61177.46036442944
Amphibians (salamanders),andrias_davidianus,1160.6019228847706,17725.89297618023
Amphibians (salamanders),andrias_japonicus,8460.954819566601,72651.05922317115
Amphibians (salamanders),aneides_lugubris,6824.921895876835,67031.37842988591
Amphibians (salamanders),batrachoseps_attenuatus,2589.7990711010443,32569.299296665544
Amphibians (salamanders),cryptobranchus_alleganiensis,1639.22232180638,16766.218509093058
Amphibians (salamanders),cynops_orientalis,781.0948419795585,3652.9325889227594
Amphibians (salamanders),cynops_pyrrhogaster,1393.3242792572432,12756.427154405605
Amphibians (salamanders),desmognathus_fuscus,1013.6862282072188,15916.80710045192
Amphibians (salamanders),desmognathus_marmoratus,508.2763330125711,6405.718988115649
Amphibians (salamanders),ensatina_eschscholtzii,3543.425287073057,44710.92504345447
Amphibians (salamanders),gyrinophilus_porphyriticus,5116.882839717468,51061.525225998
Amphibians (salamanders),hynobius_dunni,879.7277032773526,6872.044382999201
Amphibians (salamanders),hynobius_leechii,1705.1947953238384,8445.28498309883
Amphibians (salamanders),hynobius_naevius,1026.17508835106,13368.555030510664
Amphibians (salamanders),hynobius_nebulosus,572.1207406267249,7080.42429243268
Amphibians (salamanders),hynobius_retardatus,568.8279644498936,6313.771752082831
Amphibians (salamanders),hynobius_tsuensis,581.1049361577085,7539.335211507555
Amphibians (salamanders),necturus_maculosus,3395.6108086905924,28179.22480226396
Amphibians (salamanders),notophthalmus_viridescens,429.47293748071536,7290.8688602639
Amphibians (salamanders),onychodactylus_fischeri,1270.8983212868943,12414.185583033935
Amphibians (salamanders),paramesotriton_hongkongensis,2338.4775526715,47020.21790635428
Amphibians (salamanders),proteus_anguinus,971.9761217293292,54625.735606731054
Amphibians (salamanders),pseudobranchus_striatus,5224.152856611751,68346.02648439101
Amphibians (salamanders),pseudotriton_ruber,1682.1238397031348,29604.916376405923
Amphibians (salamanders),salamandra_atra,6176.684437454326,102562.06058244738
Amphibians (salamanders),salamandrella_keyserlingii,906.25105693369,5721.491852298424
Amphibians (salamanders),siren_intermedia,8842.999794081878,62399.278649410146
Amphibians (salamanders),siren_lacertina,2478.8366544925652,47560.86168783998
Amphibians (salamanders),taricha_rvularis,976.52697020646,17922.942249917352
Amphibians (salamanders),taricha_torosa,2814.4229537202136,44490.92729962337
Amphibians (salamanders),triturus_cristatus,636.5127992122783,7580.24363453501
Amphibians (salamanders),triturus_vulgaris,675.7434898177784,6527.638914740789
Amphibians (salamanders),tylototriton_verrucosus,718.6565722890562,9023.203056004337
Aves,accipiter_nisus,25.56418661981152,413.2320076838099
Aves,amazilia_amazilia,16.056680052497402,227.54346150440944
Aves,amazona_autumnalis,29.21681167838515,422.2007311110333
Aves,apus_affinis,19.30194526365572,291.9419221127951
Aves,ardea_herodias,27.33185608623105,410.0134460102047
Aves,athene_noctua,24.047320966903264,449.1660680543464
Aves,aulacorhynchus_prasinus,31.704953060028135,428.9321169701307
Aves,balearica_pavonina,22.65297742748463,322.00958180152463
Aves,basileuterus_bivittatus,19.82135524904936,216.76989309769604
Aves,bombycilla_cedrorum,15.788073880615604,253.5359519226559
Aves,brotogeris_cyanoptera,26.420794216690407,375.6344740031963
Aves,campephilus_haematogaster,19.63495408493625,374.5783752728149
Aves,campylopterus_largipennis,8.48230016469244,182.26263939066612
Aves,cardinalis_cardinalis,12.930795362175614,224.3097154663121
Aves,catharus_ustulatus,13.16170242221443,195.39868547287475
Aves,chlorospingus_flavigularis,22.52050693725848,267.94957901732965
Aves,contopus_virens,19.63495408493625,288.1133678656152
Aves,corvus_monedula,19.30194526365572,220.1591479721415
Aves,crotophaga_ani,28.123537434935997,351.798686941637
Aves,crypturellus_obsoletus,14.476458947741785,414.3299943162415
Aves,cyanocitta_cristata,20.52926079365794,436.423768251389
Aves,cyclarhis_gujanensis,20.883213565962535,269.13395944772867
Aves,dacnis_cayana,22.16288897352476,284.7591941091354
Aves,dendrocincla_fuliginosa,14.957122623740847,277.3513186319711
Aves,dendroica_caerulescens,19.113449704440097,234.83248005950844
Aves,dendroica_coronata,15.435910070794256,208.83466638703868
Aves,dendroica_dominica,15.984423421464818,216.26252588414008
Aves,dendroica_magnolia,15.682830526720196,226.5198258981131
Aves,dendroica_virens,15.07964473723097,226.5198258981131
Aves,dryocopus_lineatus,32.20341909439757,432.475833483371
Aves,emberiza_flaviventris,14.778051842486525,238.05732491841897
Aves,empidonax_alnorum,13.16170242221443,218.7176805429196
Aves,falco_sparverius,13.39260948225341,329.2504292692756
Aves,gallus_domesticus,21.446605848506096,337.62120289476195
Aves,garrulus_glandarius,19.30194526365572,272.1011937090465
Aves,geothlypis_trichas,11.100294042683892,216.89503320506415
Aves,geotrygon_montana,11.083538881864897,281.6924760804554
Aves,glaucis_hirsutus,25.45108928428196,304.12816001606774
Aves,heliodoxa_aurescens,13.854423602330916,255.61411546300576
Aves,hirundo_rustica,30.025248187908662,255.21460959722793
Aves,icterus_galbula,18.414968937792057,287.9717343968184
Aves,junco_hyemalis,15.234106376032514,213.24973852934824
Aves,larus_argentatus,21.41309552686815,294.22271837930094
Aves,lepidocolaptes_souleyetii,21.237166338267016,255.44918184869388
Aves,lophotriccus_pileatus,11.910824947310095,246.63596725782472
Aves,melanerpes_cruentatus,17.053350321848637,357.85607027684114
Aves,melanerpes_formicivorus,26.272092164420496,282.81873704676576
Aves,melospiza_georgiana,15.381237631975674,198.66855982648588
Aves,melospiza_melodia,14.680138871449335,216.26252588414008
Aves,mimus_polyglottos,11.314445941903578,221.3985062739831
Aves,mniotilta_varia,13.24835801957584,210.8930204403813
Aves,motacilla_capensis,19.30194526365572,306.1775256237592
Aves,myiarchus_crinitus,14.403155119157836,265.5991441136646
Aves,myioborus_miniatus,14.12617136686643,226.0040811041459
Aves,myiozetetes_similis,17.016960206944535,222.3634988174106
Aves,nyctea_scandiaca,23.825838684824785,338.7406570769915
Aves,parus_atricapillus,11.100294042683892,195.0232651507723
Aves,parus_carolinensis,9.261938741558312,170.76859906873108
Aves,passer_domesticus,14.957122623740847,185.54665091121757
Aves,pelecanus_occidentalis,26.64105476829169,441.9576837106859
Aves,phaethornis_guy,11.314445941903578,277.3513186319711
Aves,phalacrocorax_auritus,18.405544159831596,411.3056877883849
Aves,phasianus_colchicus,30.536280592892908,300.1791780505077
Aves,pheucticus_aureoventris,20.23028589279129,258.82796474762716
Aves,philydor_erythrocercum,12.468981242097966,231.84901423614835
Aves,pica_pica,16.619025137490024,382.8816046562587
Aves,picoides_villosus,15.71215205815388,257.6922790033572
Aves,pionus_senilis,16.065057632906885,393.1598486212509
Aves,pipilo_erythrophthalmus,15.682830526720196,222.10745901614635
Aves,piranga_olivacea,15.381237631975674,239.51292951458413
Aves,polioptila_caerulea,10.390817701748182,207.81635403496313
Aves,progne_subis,20.993692907613855,335.21160132946176
Aves,pteroglossus_azara,25.192431489136347,465.7934707722441
Aves,pyrrhura_lepida,16.89600888978139,358.2923589566112
Aves,quiscalus_quiscula,13.0182363577004,215.3603651937863
Aves,ramphastos_toco,16.065057632906885,412.8874796894682
Aves,ramphocelus_carbo,14.476458947741785,273.6955519807412
Aves,regulus_calendula,13.295220109991908,150.02047398687134
Aves,saltator_maximus,23.921395461371663,348.29502573472524
Aves,sayornis_phoebe,12.67109036947879,190.22971836016717
Aves,seiurus_aurocapilla,17.116705773696186,202.9272504678128
Aves,selasphorus_platycercus,18.653206380689536,208.4692817081339
Aves,sitta_canadensis,13.759128625171956,211.54620991294132
Aves,spizella_passerina,12.26530131839026,170.20049439720768
Aves,spizella_pusilla,13.431355791647508,205.95914917791845
Aves,stelgidopteryx_serripennis,13.623516542292046,278.257144513758
Aves,strix_aluco,18.653206380689536,414.3299943162415
Aves,struthio_camelus,32.42961376545624,582.5821776694488
Aves,sturnus_vulgaris,16.481842258283248,240.79679371234732
Aves,synallaxis_gujanensis,12.930795362175614,216.26252588414008
Aves,tangara_cyanicollis,15.381237631975674,236.9106435998619
Aves,thalurania_furcata,12.699888302136666,242.346646088119
Aves,thraupis_episcopus,14.957122623740847,292.4822760492121
Aves,tiaris_obscurus,14.778051842486525,281.6924760804554
Aves,troglodytes_aedon,13.684777599037098,245.55473578621297
Aves,trogon_collaris,26.12129571704806,416.7532094497103
Aves,turdus_merula,19.704069123315374,228.0796266506203
Aves,turdus_migratorius,14.191621213816193,216.26252588414008
Aves,turdus_philomelos,22.65297742748463,224.0557700601481
Aves,tyto_alba,20.616701789183157,449.1660680543464
Aves,vermivora_peregrina,24.659407935577324,301.29130184987235
Aves,vireo_olivaceus,18.56122752910948,242.4192517850022
Aves,wilsonia_pusilla,18.197151847143317,241.7167567610746
Aves,xiphorhynchus_ocellatus,20.91044070229359,302.4251549984358
Aves,zonotrichia_albicollis,12.16110516204612,180.26249206787804
Nucleoids of bacteria,agrobacterium_tumefaciens,0.961976127302138,1.619451903386061
Nucleoids of bacteria,anaerostipes,1.3267807247895316,3.4602146257074637
Nucleoids of bacteria,asticcacaulis_excentricus,0.6570885813158237,0.981860203665365
Nucleoids of bacteria,bacillus_megaterium,4.446398882088914,23.128995768365304
Nucleoids of bacteria,bacillus_subtilis,4.9612990056672235,29.17773964794767
Nucleoids of bacteria,bacteroides_ovatus_,0.983139137640292,2.3690424392003915
Nucleoids of bacteria,bacteroides_ovatus_3_8_47faa,0.5413058440489663,1.07239354955059
Nucleoids of bacteria,bacteroides_thetaiotaomicron_,1.3852163863751914,3.1488710357797167
Nucleoids of bacteria,bacteroides_xylanisolvens_cl03t12c04,0.93617824785292,2.2637812546683103
Nucleoids of bacteria,brevundimonas_bacteroides_,0.9255775410986982,1.303546125152261
Nucleoids of bacteria,brevundimonas_diminuta_,1.01986209246608,1.3252181130956897
Nucleoids of bacteria,brevundimonas_subvibrioides,0.7176854934170535,0.818517357167453
Nucleoids of bacteria,burkholderia_thailandensis,1.04178598499367,3.370800436545403
Nucleoids of bacteria,caulobacter_crescentus,0.874482737755141,1.14399122123613
Nucleoids of bacteria,cellulophaga_algicola_,0.8095696236150869,1.09243398811988
Nucleoids of bacteria,chromobacterium_violaceum_,1.5414684616395689,3.984046542492387
Nucleoids of bacteria,chryseobacterium_indologenes,0.6756839577528323,1.4029839600253602
Nucleoids of bacteria,clostridium_boltae,2.0626133069236823,7.32987131955909
Nucleoids of bacteria,clostridium_hathewayi,1.02051681569441,3.781658701325154
Nucleoids of bacteria,collinsella_aerofaciens,0.7514568469849147,2.1475151404386983
Nucleoids of bacteria,cytophaga_hutchinsonii,1.7851264710274486,2.0948026693595683
Nucleoids of bacteria,escherichia_coli_e22,2.127901997968609,7.501191003921924
Nucleoids of bacteria,flavobacterium_johnsoniae,2.674266826152682,4.579971329691
Nucleoids of bacteria,hirschia,0.5325877880814724,0.6657094920632562
Nucleoids of bacteria,janthinobacterium_lividum,2.8004423758957895,6.163290278852712
Nucleoids of bacteria,lactobacillus_reuteri_f275,3.174733880757631,11.26992911102909
Nucleoids of bacteria,lysinibacillus_sphaericus,3.9003816464480527,16.492669036362148
Nucleoids of bacteria,myxococcus_xanthus,1.10693526679108,4.111726150833154
Nucleoids of bacteria,paenibacillus_polymyxa,1.13483954503544,6.184659311252725
Nucleoids of bacteria,parabacteroides_distasonis_,1.1952628551662898,2.8197088320150665
Nucleoids of bacteria,providencia_alcalifaciens_,0.7182203104033923,2.8205733628191583
Nucleoids of bacteria,pseudomonas_syringae,1.760335498079481,4.899056072338701
Nucleoids of bacteria,rhizobium_leguminosarum,0.915442616832336,1.810071903372228
Nucleoids of bacteria,roseburia_intestinalis_,1.2803419228200812,2.583961439864891
Nucleoids of bacteria,sinorhizobium_meliloti_,1.08459318547599,1.994749227536829
Nucleoids of bacteria,vibrio_fischeri,1.9424402782075207,6.366594174106597
Nucleoids of bacteria,vibrio_harveyi,1.18425295511771,3.5815873002823575
Fish,aluterus_schoepfii,17.173516240848542,222.57555632152773
Fish,anguilla_rostrata,20.3742755560809,347.7952507034103
Fish,balistes_carolinensis,15.268140296446491,209.833256518568
Fish,carassius_auratus_auratus,46.07669225265043,472.8751442122114
Fish,carcharhinus_obscurus,161.49095236390642,1813.0916602030036
Fish,chiloscyllium_punctatum,230.90706003885057,2194.795167614193
Fish,cyprinus_carpio_carpio,21.446605848506096,341.20000052597504
Fish,dasyatis_centroura,201.9211554205032,1964.3687712513365
Fish,dasyatis_kuhlii,110.87204073294107,1847.2564803107884
Fish,echeneis_naucrates,14.726215563702189,230.90706003885057
Fish,esox_lucius,25.735927018207622,335.21160132946176
Fish,galaxias_maculatus,35.27746750593576,466.5265090580787
Fish,hemigrammus_caudovittatus,63.61725123519314,699.7897635871326
Fish,lethrinus_atkinsoni,35.27746750593576,301.5928947446185
Fish,leucoraja_erinacea,163.65812769610827,1768.7810666204475
Fish,mola_mola,54.07466354991382,566.0757262687151
Fish,mustelus_canis,92.02772079915611,989.3754912097248
Fish,myxus_elongatus,11.45372321621276,261.69466804402884
Fish,nematalosa_come,13.295220109991908,408.8259239871561
Fish,neoceratodus_forsteri,704.009969718452,11762.122895040142
Fish,ophichthus_cephalozona,22.80796266506203,338.3814683169341
Fish,opsanus_tau,69.61847860171339,1241.1867087655637
Fish,osmerus_eperlanus,17.61386281112699,419.9131280604427
Fish,paralichthys_olivaceus,13.450205347569211,182.87839155076813
Fish,perca_fluviatilis,14.971783389457844,513.1791599638927
Fish,petromyzon_marinus,33.51032163829133,882.3471890884483
Fish,pimelodella_gracilis,21.20575041173117,636.1725123519311
Fish,prionace_glauca,191.2685383309543,2682.216409411295
Fish,prionotus_carolinus,22.837284196495418,258.0158630466775
Fish,protopterus_annectens_annectens,709.5810606908112,17023.97643053784
Fish,rachycentron_canadum,14.12302977421292,150.7964473723097
Fish,raja_eglanteria,94.7284432836928,2962.6692653904965
Fish,salvelinus_namaycush,65.88966992128982,1069.7332424983624
Fish,scolopsis_aurata,30.63052837250044,269.39157004532365
Fish,scyliorhinus_canicula,182.29614971230484,3620.7640730785697
Fish,seriola_lalandi,14.726215563702189,269.39157004532365
Fish,sphoeroides_maculatus,13.957048962348455,219.37113181486828
Fish,squalus_acanthias,165.14907520962353,2896.9403402933276
Fish,stenotomus_chrysops,18.84955592153887,259.1813939211586
Fish,tautoga_onitis,23.53262337048978,312.7890073632413
Fish,thymallus_arcticus,40.82813812605304,528.9824182090058
Fish,tinca_tinca,11.326488713742346,788.3428829114164
Fish,xiphias_gladius,24.21120738366518,422.0274199163119
Reptilia,ameiva_ameiva,43.00000000000034,210.9999999999987
Reptilia,amyda_cartilaginea,149.99999999999957,899.0000000000026
Reptilia,anguis_fragilis,69.00000000000077,339.999999999996
Reptilia,boa_constrictor,45.99999999999958,386.0000000000045
Reptilia,caiman_crocodilus,62.99999999999974,493.00000000000017
Reptilia,caiman_latirostris,103.99999999999989,324.9999999999967
Reptilia,chalcides_mionecton,36.00000000000022,119.9999999999986
Reptilia,chelydra_serpentina,113.00000000000006,616.0000000000065
Reptilia,coluber_viridiflavus,76.99999999999967,265.00000000000136
Reptilia,cordylus_polyzonus,53.00000000000012,287.99999999999955
Reptilia,cordylus_tropidosternum,82.00000000000063,326.0000000000006
Reptilia,cordylus_warreni_depressus,74.00000000000065,393.0000000000031
Reptilia,coronella_girondica,96.99999999999892,378.000000000004
Reptilia,enhydrina_schistosa,53.00000000000012,414.9999999999972
Reptilia,epicrates_cenchria,77.99999999999991,685.0000000000068
Reptilia,eumeces_inexpectatus,61.99999999999943,335.99999999999693
Reptilia,geochelone_carbonaria,108.00000000000004,526.0000000000014
Reptilia,iguana_iguana,32.0000000000003,170.99999999999852
Reptilia,kinosternon_subrubrum,77.99999999999991,368.0000000000019
Reptilia,laticauda_colubrina,138.0000000000011,478.00000000000136
Reptilia,lialis_burtonis,55.99999999999995,274.00000000000136
Reptilia,mabuya_capensis,58.99999999999943,306.0000000000001
Reptilia,ophisaurus_koellikeri,39.99999999999979,187.0000000000004
Reptilia,pelomedusa_subrufa,41.99999999999994,244.00000000000037
Reptilia,platysaurus_guttatus,54.00000000000018,296.000000000001
Reptilia,platysternon_megacephalum,113.00000000000006,811.0000000000074
Reptilia,podarcis_sicula_sicula,29.999999999999822,184.9999999999985
Reptilia,psammodromus_algirus,33.00000000000019,199.9999999999994
Reptilia,pseudemys_concinna,55.99999999999995,350.9999999999966
Reptilia,pseudocordylus_melanotus,84.99999999999946,419.99999999999943
Reptilia,python_reticulatus,43.00000000000034,268.0000000000006
Reptilia,sphenodon_punctatus,129.00000000000034,920.00000000001
Reptilia,sternotherus_odoratus,89.999999999999,539.0000000000017
Reptilia,tarentola_mauritanica,48.999999999999595,204.00000000000065
Reptilia,testudo_graeca,184.9999999999985,844.9999999999953
Reptilia,thalassophina_viperina,56.9999999999998,433.9999999999992
Reptilia,trogonophis_wiegmanni,44.999999999999616,235.00000000000193
Reptilia,varanus_bengalensis,61.99999999999943,293.00000000000034
