cell_id	pt_rep	cell_type	cell_subtype	nCount_RNA	nFeature_RNA	nSmth_RNA	percent.mt
AAACATACAACCAC-1	pt_1|1	T cells	Memory CD4 T	2419	779	168.27831516425158	3.017775940471269
AAACATTGAGCTAC-1	pt_1|1	B cells	NA	4903	1352	80.18640380286851	3.7935957576993675
AAACATTGATCAGC-1	pt_1|1	T cells	NA	3147	1129	131.32594788477437	0.8897362567524627
AAACGCTGTAGCCA-1	pt_1|1	T cells	NA	1275	532	130.31481161691784	1.1764705882352942
AAACGCTGTTTCTG-1	pt_1|1	Monocytes	NA	1103	550	125.7545481285256	2.901178603807797
AAACTTGAAAAACG-1	pt_1|1	B cells	B	3914	1112	161.41912454772617	2.631578947368421
AAAGGCCTGTCTAG-1	pt_1|1	B cells	NA	4973	1445	202.45866741984963	1.5282525638447617
AAAGTTTGGGGTGA-1	pt_1|1	B cells	B	3281	1015	82.94663301960742	2.5906735751295336
AAATCAACCCTATT-1	pt_1|1	Monocytes	FCGR3A+ Mono	5676	1541	153.50899489206023	2.431289640591966
AAATTCGATTCTCA-1	NA	T cells	NA	2641	928	117.81708775023796	1.4388489208633095
AAATTGACACGACT-1	pt_1|1	T cells	NA	2357	836	84.66180852598535	2.1213406873143823
AACACGTGTACGAC-1	pt_1|1	Monocytes	NA	3569	1213	84.12683087972644	2.7458671896889886
AACATTGATGGGAG-1	pt_1|1	Monocytes	NA	4711	1458	199.17310294561767	3.1628104436425386
AACCAGTGATACCG-1	pt_1|1	Monocytes	FCGR3A+ Mono	3840	1249	163.68006934155054	2.7864583333333335
AACCTTTGGACGGA-1	pt_1|1	T cells	NA	2076	764	182.70193644084617	1.300578034682081
AACCTTTGTACGCA-1	pt_1|1	Monocytes	NA	4617	1461	161.23168220786783	1.9709768247779944
AACTCACTTGGAGG-1	pt_1|1	Monocytes	CD14+ Mono	2122	801	162.5177956500039	1.5080113100848256
AACTCGGAAAGTGA-1	pt_1|1	T cells	NA	1840	732	122.34193966176096	3.641304347826087
AACTGTCTCCCTTG-1	NA	Monocytes	CD14+ Mono	2326	857	120.16557055960975	2.1926053310404128
AACTTGCTGGGACA-1	pt_1|1	T cells	Naive CD4 T	1864	674	210.53131124209096	2.199570815450644
AAGATGGAGATAAG-1	pt_1|1	Monocytes	CD14+ Mono	4019	1202	67.1905918367406	3.9313262005474
AAGATTACAGATCC-1	pt_1|1	Monocytes	CD14+ Mono	4058	1256	47.91195034125322	1.4785608674223756
AAGCAAGAGCGAGA-1	pt_1|1	T cells	Memory CD4 T	2478	898	117.30015972774771	2.3002421307506054
AAGCGACTGTGTCA-1	pt_1|1	T cells	NA	3131	866	43.98876096072527	1.5969338869370808
AAGCGACTTTGACG-1	pt_1|1	Monocytes	FCGR3A+ Mono	3668	1185	150.1802599228414	1.5267175572519083
AAGGCTTGCGAACT-1	NA	T cells	CD8 T	2075	774	94.84283829284671	0.9156626506024097
AAGGTCACTGTTTC-1	pt_1|1	B cells	B	1773	640	144.2757676475884	1.8612521150592216
AAGGTCACTTCCCG-1	pt_1|1	T cells	NA	2385	855	129.823180648935	2.4737945492662474
AAGGTCTGCAGATC-1	pt_1|1	T cells	NA	967	387	137.88801426658708	0.8273009307135472
AAGTATACCGAACT-1	pt_1|1	T cells	NA	3251	933	176.59714812320468	1.845585973546601
AAGTCTCTAGTCGT-1	pt_1|1	T cells	Naive CD4 T	3282	980	103.82895480916204	2.376599634369287
AAGTCTCTCGGAGA-1	pt_1|1	T cells	NA	1838	679	132.28569274614964	3.0467899891186074
AAGTGGCTTGGAGG-1	pt_1|1	B cells	B	1572	603	84.99304585759111	2.035623409669211
AATACCCTGGACGA-1	NA	B cells	NA	1500	609	130.92564292160105	2.1999999999999997
AATAGGGAGAATGA-1	pt_1|1	T cells	CD8 T	1861	753	206.88440120735737	3.6002149382052657
AATCAAACTATCGG-1	pt_1|1	T cells	NA	1457	637	191.34299994911737	2.264927934111187
AATCCTACCGGTAT-1	pt_1|1	T cells	NA	2440	776	124.42380434187378	2.540983606557377
AATCTCACTCTAGG-1	pt_1|1	T cells	Naive CD4 T	2147	804	119.64046558249203	0.8383791336748951
AATGCGTGGCTATG-1	pt_1|1	B cells	NA	2224	872	169.15237092316815	2.068345323741007
AATGGAGAATCGTG-1	pt_1|1	Monocytes	NA	2380	846	34.41330978372365	3.2773109243697482
AATGGCTGTAAAGG-1	pt_1|1	T cells	CD8 T	1286	554	35.60653708682372	4.821150855365474
AATGTAACGGTGGA-1	pt_1|1	T cells	NA	3047	978	82.62637721030191	0.5579258286839515
AATTGATGTCGCAA-1	pt_1|1	Monocytes	NA	3970	1295	151.86792800822064	3.09823677581864
ACAACCGAGTTACG-1	NA	T cells	NA	2104	778	139.9293834838768	1.8060836501901139
ACAATCCTAACCGT-1	pt_1|1	T cells	Memory CD4 T	2316	849	126.75580883710671	1.468048359240069
ACACGATGTCGTAG-1	pt_1|1	T cells	NA	3651	1264	87.96043798199133	1.9172829361818682
ACAGACACGTTGTG-1	pt_1|1	T cells	Memory CD4 T	1981	830	182.8285988924041	1.0095911155981827
ACAGCAACACCTAG-1	pt_1|1	Monocytes	NA	1046	496	131.26129743971805	1.8164435946462716
ACATGGTGCAACCA-1	pt_1|1	B cells	NA	2147	756	175.32428642846884	2.7480204937121564
ACCACGCTACCCAA-1	pt_1|1	T cells	NA	1936	775	152.96326696165644	2.479338842975207
ACCAGTGATGACTG-1	pt_1|1	Monocytes	CD14+ Mono	1223	480	-6.669997455571831	2.7800490596892886
ACCATTACGAGATA-1	pt_1|1	T cells	NA	2709	1109	125.10841847252685	0.7751937984496124
ACCCAAGAATTCCT-1	pt_1|1	Monocytes	NA	3562	1222	121.26981255111826	1.4879281302638967
ACCCAAGATTCACT-1	pt_1|1	B cells	B	1973	666	90.62441443522275	2.889001520527116
ACCCACTGCGCCTT-1	pt_1|1	Monocytes	CD14+ Mono	986	489	119.91399835493779	2.738336713995943
ACCCAGCTCAGAAA-1	NA	T cells	NA	2388	836	57.047391354785844	1.8844221105527637
ACCCGTTGATGACC-1	NA	B cells	B	1508	581	125.71965812322625	2.9177718832891246
ACCGTGCTACCAGT-1	pt_1|1	T cells	Memory CD4 T	1936	795	91.34883061628202	1.5495867768595042
ACCTATTGCTGAGT-1	NA	B cells	NA	1190	490	175.72589091782606	2.6050420168067228
ACCTATTGTGCCCT-1	pt_1|1	Monocytes	NA	4056	1303	47.08845800963729	2.7613412228796843
ACGACCCTATCTCT-1	NA	Monocytes	NA	4076	1316	185.7740436185955	2.060843964671246
ACGAGTACCCTAAG-1	NA	B cells	NA	1257	543	162.77450998069685	1.8297533810660305
ACGAGTACGAATCC-1	pt_1|1	B cells	B	3619	1186	156.49874567214312	1.5750207239568943
ACGATGACTGGTCA-1	pt_1|1	T cells	NA	2632	977	89.72273238263242	1.82370820668693
ACGCCACTGAACTC-1	pt_1|1	Monocytes	CD14+ Mono	602	310	105.70019327449216	0
ACGCCGGAAACCAC-1	NA	Monocytes	NA	2243	803	193.62429805612277	2.2737405260811414
ACGCGGTGTGTGGT-1	pt_1|1	B cells	B	2603	881	148.57482106259613	2.266615443718786
ACGGAGGACTCTTA-1	pt_1|1	Monocytes	CD14+ Mono	2613	956	139.45566940908472	2.8702640642939152
ACGGCTCTTGCACA-1	pt_2|1	T cells	NA	2535	794	190.3258388513613	1.8934911242603552
ACGTCAGAGAGCTT-1	pt_2|1	Monocytes	NA	1909	721	96.86251240808932	2.4096385542168677
ACGTCGCTTCTCAT-1	NA	B cells	B	1600	616	130.00978785087068	2.5
ACTCAGGATCTATC-1	pt_2|1	B cells	NA	1869	750	125.74060576009381	1.4981273408239701
ACTCGCACGAAAGT-1	pt_2|1	Monocytes	CD14+ Mono	1822	779	119.14425931263656	1.646542261251372
ACTTAGCTGCGTAT-1	pt_2|1	Monocytes	NA	3264	1213	107.62948636099327	1.5625
ACTTAGCTGGGAGT-1	pt_2|1	T cells	Memory CD4 T	2501	927	112.16437693677878	0.9196321471411436
ACTTCCCTTTCCGC-1	pt_2|1	T cells	Naive CD4 T	2072	718	113.33451991300167	1.303088803088803
ACTTGGGAGAAAGT-1	pt_2|1	Monocytes	CD14+ Mono	3623	1119	130.99577700548747	2.8981507038365995
ACTTGGGATGTGAC-1	pt_2|1	Monocytes	FCGR3A+ Mono	791	389	138.3561832145405	0.12642225031605564
ACTTGGGATTGACG-1	pt_2|1	Monocytes	CD14+ Mono	3108	1097	77.69403012295294	2.348777348777349
ACTTGTACCTGTCC-1	pt_2|1	T cells	Naive CD4 T	1148	455	155.42723521681225	1.2195121951219512
ACTTTGTGGAAAGT-1	pt_2|1	T cells	Naive CD4 T	2368	755	113.6436015899854	1.1402027027027026
AGAAACGAAAGTAG-1	pt_2|1	B cells	NA	1428	569	211.72142536596522	2.8711484593837535
AGAACAGAGACAAA-1	pt_2|1	T cells	NA	3002	960	153.35064863971564	1.73217854763491
AGACACACTGTAGC-1	pt_2|1	T cells	NA	2227	808	139.39551306527386	1.3022002694207453
AGACCTGAGGAAGC-1	NA	T cells	CD8 T	2875	1075	98.76340647008251	1.8782608695652174
AGACGTACCCCTAC-1	pt_2|1	B cells	NA	1516	671	202.35791834657607	3.100263852242744
AGACGTACTCGTGA-1	NA	Monocytes	NA	2242	862	106.33604448208195	4.148082069580732
AGACTGACCATCAG-1	pt_2|1	T cells	CD8 T	1894	765	157.71318510858643	3.4318901795142556
AGACTGACCCTTTA-1	pt_2|1	T cells	NA	2910	962	102.660318885117	2.7147766323024056
AGAGATGACAGTCA-1	pt_2|1	B cells	B	1339	569	102.79844635004423	3.2113517550410755
AGAGCGGAGGCAAG-1	NA	Monocytes	NA	5226	1422	74.36693777389058	1.3585916570991197
AGAGTGCTGTCATG-1	pt_2|1	T cells	Memory CD4 T	3579	923	173.33135621121065	1.5088013411567478
AGAGTGCTGTCCTC-1	NA	T cells	NA	1943	782	96.09981275937244	2.110138960370561
AGAGTGCTGTGTTG-1	pt_2|1	B cells	NA	1634	695	104.1451233922362	3.243574051407589
AGATATTGCCTACC-1	pt_2|1	T cells	NA	2393	917	194.40770053532427	1.0029251984956122
AGATTCCTCACTTT-1	NA	Monocytes	NA	2199	791	171.25861790506903	2.728512960436562
AGCACTGAGGGAGT-1	pt_2|1	T cells	Memory CD4 T	2620	880	111.5025482752344	0.9160305343511451
AGCATCGAGCTTCC-1	pt_2|1	Monocytes	NA	2581	992	150.66598005739974	3.95195660596668
AGCATCGATAACCG-1	pt_2|1	Monocytes	NA	2780	1045	138.21094031052198	1.3669064748201438
AGCATGACGATGAA-1	pt_2|1	T cells	CD8 T	1869	705	276.60213569594123	2.086677367576244
AGCCAATGGGGAGT-1	NA	Monocytes	NA	1876	808	140.94448177153774	1.5991471215351813
AGCCACCTGGATCT-1	pt_2|1	T cells	NA	1983	819	79.13920562010583	2.21886031265759
AGCCGGTGTGTTTC-1	pt_2|1	T cells	Naive CD4 T	2195	741	125.9415685361864	1.457858769931663
AGCCTCACTGTCAG-1	pt_2|1	Monocytes	NA	4811	1393	192.55777081224653	1.4134275618374559
AGCGGCTGATGTGC-1	NA	T cells	NA	2266	749	174.17363849613355	1.6328331862312444
AGCTGAACCATACG-1	NA	Monocytes	NA	3215	1121	201.80096963176567	3.7636080870917574
AGCTGCCTTTCTGT-1	pt_2|1	T cells	Memory CD4 T	2278	786	199.47705776544814	2.0632133450395083
AGGAAATGAGGAGC-1	pt_2|1	T cells	NA	1879	805	188.65306615817363	0.6918573709419904
AGGAACCTCTTAGG-1	pt_2|1	Monocytes	FCGR3A+ Mono	3842	1321	116.76499969944345	2.941176470588235
AGGAACCTTGCCTC-1	pt_2|1	T cells	CD8 T	2187	941	96.05622456660342	1.8747142203932328
AGGAATGATTTGTC-1	pt_2|1	T cells	NA	2644	977	181.55414635531866	1.32375189107413
AGGATAGAGGATTC-1	NA	T cells	NA	1962	825	137.89676152871445	1.0703363914373087
AGGATGCTACTAGC-1	pt_2|1	B cells	B	1803	659	61.60901477860692	1.1647254575707155
AGGCCTCTCGGAGA-1	pt_2|1	T cells	NA	2388	864	154.16157518280002	2.051926298157454
AGGGACGACGTTGA-1	pt_2|1	T cells	NA	1856	663	88.88834245142557	2.1551724137931036
AGGGACGATGCATG-1	NA	T cells	NA	1783	803	230.41186732628557	1.065619742007852
AGGGAGTGAGCCTA-1	pt_2|1	T cells	NA	997	464	204.1720533322656	0.802407221664995
AGGGTGGAGTTGCA-1	pt_2|1	T cells	CD8 T	2252	872	171.10495723449642	1.8206039076376554
AGGTCATGAGTGTC-1	pt_2|1	B cells	B	925	492	164.4774332402971	3.2432432432432434
AGGTCATGCTTATC-1	pt_2|1	T cells	CD8 T	1586	667	157.48477964573019	2.01765447667087
AGGTCTGATTCTCA-1	pt_2|1	Monocytes	FCGR3A+ Mono	2730	981	143.411850749348	2.0879120879120876
AGGTGGGAAGTTCG-1	pt_2|1	T cells	Naive CD4 T	2473	788	109.67970217669316	1.3748483623129801
AGTACGTGCTTGGA-1	pt_2|1	T cells	Memory CD4 T	3503	986	149.39790882733382	1.2275192691978303
AGTACTCTCAACCA-1	pt_2|1	T cells	CD8 T	1766	762	131.653682007804	4.8697621744054365
AGTATAACTTGTCT-1	pt_2|1	Monocytes	FCGR3A+ Mono	4454	1498	150.42534164841746	3.210597215985631
AGTCAGACTGCACA-1	pt_2|1	T cells	NA	2820	924	90.95155080248486	1.4893617021276597
AGTCTACTAGGGTG-1	pt_2|1	Monocytes	CD14+ Mono	1190	540	149.58037255654492	0.9243697478991597
AGTCTTACTTCGCC-1	pt_2|1	T cells	CD8 T	2126	851	197.40397167520638	3.574788334901223
ATAACATGTACTCT-1	pt_2|1	T cells	Memory CD4 T	2775	986	160.28747859808362	1.4414414414414414
ATAAGTTGGTACGT-1	pt_2|1	Monocytes	FCGR3A+ Mono	1354	581	58.14908932331184	2.4372230428360413
ATACCACTCGTACA-1	pt_2|1	Monocytes	NA	2893	953	83.3685675031156	2.0739716557207055
ATACCGGACTTCGC-1	pt_2|1	T cells	NA	2693	943	240.19278123379792	2.227998514667657
ATACCTACGCATCA-1	pt_2|1	T cells	NA	2759	922	206.06241259571095	2.029720913374411
ATACGGACTATGCG-1	pt_2|1	B cells	NA	1472	522	144.33786394221252	2.1739130434782608
ATACGTCTTAACGC-1	pt_2|1	Monocytes	CD14+ Mono	2010	748	126.40011419380454	4.527363184079602
ATAGGAGAAACAGA-1	pt_2|1	Monocytes	NA	3553	1083	163.24153732822168	2.195327891922319
ATAGTTGACCCTCA-1	NA	Monocytes	NA	4272	1317	117.95569805069292	1.8726591760299627
ATATACGAAGCCAT-1	pt_2|1	T cells	Naive CD4 T	2505	872	81.87105524292465	1.6367265469061876
ATATGCCTAGATCC-1	pt_2|1	Monocytes	NA	1910	725	153.1077414987027	2.0418848167539267
ATATGCCTGGACAG-1	NA	T cells	NA	3508	1026	137.5196341767818	2.1664766248574687
ATCAAATGGGTAAA-1	pt_2|1	Monocytes	NA	4209	1280	105.90031181143536	2.2808267997148968
ATCAACCTAAACGA-1	pt_2|1	T cells	Memory CD4 T	2638	907	210.8831971035247	0.8339651250947688
ATCACGGATTTCGT-1	NA	B cells	NA	1788	733	244.50165539005144	2.1812080536912752
ATCCAGGACGCTAA-1	pt_2|1	Monocytes	NA	3754	1277	180.27180562668195	1.2519978689397975
ATCCTAACGACGGA-1	pt_2|1	B cells	NA	1776	634	170.24343816713105	3.65990990990991
ATCGCGCTGGGATG-1	pt_2|1	T cells	Memory CD4 T	2731	869	111.03611650700239	1.4646649578908826
ATCGCGCTTTTCGT-1	pt_3|1	B cells	B	1779	715	186.3550066812131	2.5857223159078133
ATCGTTTGCCTACC-1	NA	Monocytes	NA	3402	1155	82.8937685464715	2.2339800117577897
ATCGTTTGGGTACT-1	pt_3|1	Monocytes	NA	1764	689	104.07201324903096	3.2879818594104306
ATCTGGGAAGTGTC-1	pt_3|1	Monocytes	CD14+ Mono	3474	1178	190.64134015918913	1.7271157167530224
ATCTTGACCTCCCA-1	pt_3|1	Monocytes	CD14+ Mono	1399	565	73.40518051239003	3.1451036454610435
ATGAAACTCTGTGA-1	pt_3|1	T cells	NA	3205	966	106.10321803026014	1.1232449297971918
ATGAAACTGAGGCA-1	pt_3|1	T cells	Naive CD4 T	1972	657	159.25466075748002	2.231237322515213
ATGAAGGACCTGTC-1	pt_3|1	B cells	B	2047	743	154.87056697139235	3.761602344894968
ATGATATGGTCATG-1	pt_3|1	T cells	Naive CD4 T	1768	687	197.92433019880445	1.6968325791855203
ATGCAGTGTTCTAC-1	pt_3|1	T cells	Memory CD4 T	2330	820	124.79347715652264	3.133047210300429
ATGCGATGCTATGG-1	pt_3|1	Monocytes	CD14+ Mono	2996	940	127.97747420538717	3.337783711615487
ATGCGATGGTTACG-1	pt_3|1	B cells	B	2229	794	190.49371081295723	1.3458950201884252
ATGCGCCTTCATTC-1	pt_3|1	T cells	NA	2542	769	94.55639953303108	2.6357199055861527
ATGCTTTGCGAATC-1	NA	T cells	NA	2481	948	112.5137371358994	2.94236195082628
ATGTAAACCCGCTT-1	pt_3|1	T cells	NA	2956	1040	121.22923713218927	1.3531799729364005
ATGTACCTTTATCC-1	NA	Monocytes	NA	1535	630	177.14215825441033	2.6058631921824107
ATGTTCACAGTCTG-1	NA	Monocytes	CD14+ Mono	1917	800	89.29561681315033	1.98226395409494
ATTAACGATGCAAC-1	pt_3|1	T cells	NA	2025	863	202.16393026879967	1.2345679012345678
ATTAAGACTGCAGT-1	pt_3|1	T cells	NA	3364	1074	126.84602360745733	1.7538644470868014
ATTACCTGCCTTAT-1	pt_3|1	Monocytes	CD14+ Mono	3534	1104	160.33877802049605	1.55631013016412
ATTACCTGGAGGAC-1	NA	Monocytes	NA	3447	1109	161.48614890413165	0.9863649550333623
ATTCGACTGAATAG-1	pt_3|1	Monocytes	NA	2063	778	128.46119204028162	1.8419777023751818
ATTCGACTTTTGTC-1	NA	Monocytes	FCGR3A+ Mono	2614	1024	48.01715995960659	2.4100994644223412
ATTCGGGAAAGGCG-1	NA	Monocytes	CD14+ Mono	2999	1032	57.89209496379321	2.0006668889629875
ATTGATGAGCGAAG-1	pt_3|1	T cells	Memory CD4 T	2290	850	218.26807773557604	1.572052401746725
ATTGCACTGAGAGC-1	pt_3|1	Monocytes	NA	2965	1078	130.81482466184076	1.7200674536256324
ATTGCACTTAGCCA-1	NA	T cells	NA	2391	862	-36.012829046135295	0.8782936010037641
ATTGCACTTGCTTT-1	pt_3|1	Monocytes	FCGR3A+ Mono	4888	1519	184.0888076138981	2.20949263502455
ATTGGTCTTGTCTT-1	pt_3|1	B cells	NA	752	389	148.05526746867673	1.3297872340425532
ATTTCTCTACTTTC-1	pt_3|1	Monocytes	FCGR3A+ Mono	4148	1273	117.36944285338849	2.8688524590163933
CAAAGCTGTTGCTT-1	pt_3|1	Monocytes	NA	2484	891	79.18831543704766	2.375201288244767
CAAATTGAGGGCAA-1	NA	T cells	NA	1988	656	71.97362935652568	1.9617706237424548
CAACCAGAGTTCAG-1	pt_3|1	Monocytes	NA	3776	1218	249.15538133735024	2.8866525423728815
CAACGTGACTCCAC-1	pt_3|1	Monocytes	NA	2996	1091	159.21031023992794	2.9372496662216285
CAAGAAGACCACAA-1	pt_3|1	T cells	CD8 T	2019	828	88.76588199176359	3.6156513125309564
CAAGAAGACGTCTC-1	NA	Monocytes	CD14+ Mono	3487	1241	120.46266479265209	2.380269572698595
CAAGACTGACCTGA-1	pt_3|1	B cells	B	1669	576	153.98496092201015	1.9173157579388855
CAAGCTGACCATAG-1	pt_3|1	Monocytes	NA	3771	1272	195.27539635212705	2.863961813842482
CAAGCTGATCTATC-1	pt_3|1	T cells	CD8 T	1959	851	87.06217805161003	0.8677896886166412
CAAGGACTTCTTTG-1	pt_3|1	T cells	NA	1688	719	115.26702797606382	3.495260663507109
CAAGGTTGTCATTC-1	pt_3|1	B cells	NA	1864	679	186.10951622563854	3.272532188841202
CAATATGACCTTCG-1	pt_3|1	T cells	CD8 T	1878	749	102.07823324536157	1.810436634717785
CAATTCACCCAACA-1	pt_3|1	T cells	CD8 T	1845	736	113.03968670035678	3.035230352303523
CAATTCTGGCGTAT-1	pt_3|1	Monocytes	NA	1684	699	169.35543502144174	3.7410926365795723
CACAGCCTTGCCAA-1	pt_3|1	Monocytes	NA	2292	940	54.979180054381246	2.9232111692844676
CACATACTACAGCT-1	pt_3|1	T cells	CD8 T	1852	710	103.40020105216247	1.565874730021598
CACCACTGGCGAAG-1	pt_3|1	T cells	CD8 T	2217	917	165.57923969128026	1.4433919711321606
CACCGGGACGAGAG-1	pt_3|1	T cells	CD8 T	2587	894	154.58224967329295	2.0487050637804405
CACCGTACTAGCGT-1	pt_3|1	T cells	NA	2714	861	68.69367782245904	2.1002210759027267
CACGACCTCGATAC-1	NA	B cells	B	1766	690	135.56125597555572	2.1517553793884483
CACGGGACGTAGGG-1	NA	T cells	Memory CD4 T	2651	967	146.3978098870669	0.6789890607317993
CACTAGGATGATGC-1	pt_3|1	B cells	B	1219	554	132.6325353433452	2.0508613617719442
CACTATACGTTTGG-1	pt_3|1	T cells	NA	1839	760	160.26728953310126	2.7732463295269167
CACTTAACCGTACA-1	pt_3|1	B cells	NA	1521	674	96.28941293611875	2.695595003287311
CACTTTGACTCTAT-1	pt_3|1	T cells	NA	1551	651	18.334776800107292	2.192134107027724
CAGACCCTAGGAGC-1	pt_3|1	T cells	NA	2716	934	118.13049897186154	2.1723122238586154
CAGCACCTAGGCGA-1	pt_3|1	T cells	NA	1447	576	149.7414750718398	2.349689011748445
CAGCCTACCCAACA-1	NA	T cells	NA	2801	879	30.97848066648561	0.8925383791503035
CAGCCTTGCTACCC-1	pt_3|1	Monocytes	NA	1841	737	69.28748287029957	2.6072786529060292
CAGGCCGAATCTCT-1	NA	Monocytes	NA	2443	837	87.8065879639646	1.2689316414244782
CAGGCCGACTAGCA-1	NA	B cells	NA	2344	863	98.58030626001265	2.431740614334471
CAGGGCACCATACG-1	pt_3|2	B cells	B	1317	545	142.78016728660867	2.809415337889142
CAGGGCACCCAACA-1	pt_3|2	T cells	NA	2240	810	181.50929683791503	2.276785714285714
CAGGGCACTCCCGT-1	pt_3|2	T cells	Memory CD4 T	2293	884	153.35169020709944	1.2211077191452246
CAGGTTGAGGATCT-1	NA	B cells	NA	8011	1996	174.75823429926882	2.6962925976781924
CAGTTACTAAGGTA-1	pt_3|2	B cells	NA	2855	992	130.60564383455886	2.8021015761821366
CATACTTGGGTTAC-1	NA	Monocytes	FCGR3A+ Mono	7167	1934	218.92736005694854	2.358029859076322
CATCAGGATCCTAT-1	pt_3|2	Monocytes	FCGR3A+ Mono	5281	1582	169.0296217709051	2.4237833743609163
CATCAGGATGCACA-1	pt_3|2	Monocytes	NA	3138	1112	104.75047951672512	2.9636711281070744
CATCGCTGGGATCT-1	NA	T cells	Memory CD4 T	2801	983	80.29681690735643	1.9635844341306676
CATGAGACACGGGA-1	pt_3|2	B cells	NA	747	394	174.078268979353	3.748326639892905
CATGCGCTAGTCAC-1	NA	Monocytes	FCGR3A+ Mono	5344	1659	148.6153796028176	2.3952095808383236
CATGCGCTTTGCAG-1	pt_3|2	Monocytes	FCGR3A+ Mono	4790	1515	154.38948346298847	1.7954070981210855
CATTACACACGGAG-1	pt_3|2	B cells	NA	1480	578	93.95721079760384	3.986486486486487
CATTGTACAGCGTT-1	pt_3|2	T cells	NA	2230	827	73.32941671807413	2.242152466367713
CATTGTACTTTGCT-1	pt_3|2	Monocytes	FCGR3A+ Mono	4198	1267	230.8285352676189	2.977608384945212
CATTTGACCACACA-1	pt_3|2	T cells	NA	1685	728	249.92790502712296	2.908011869436202
CCAACCTGAAGTAG-1	pt_3|2	T cells	CD8 T	2139	878	136.2949229591454	0.748013090229079
CCAAGAACCCAATG-1	pt_3|2	T cells	Memory CD4 T	1740	659	172.5966473152233	1.6666666666666667
CCAAGAACTACTGG-1	pt_3|2	T cells	NA	1765	843	153.39700990698955	2.322946175637394
CCAAGATGTCATTC-1	NA	T cells	Naive CD4 T	1713	670	61.30080320318997	0.99241097489784
CCACCATGATCGGT-1	pt_3|2	T cells	Naive CD4 T	2494	732	161.08697239574258	1.483560545308741
CCACCATGGACGAG-1	pt_3|2	Monocytes	FCGR3A+ Mono	4779	1558	117.64931276881838	2.7411592383343795
CCACTGACCCGCTT-1	NA	Monocytes	CD14+ Mono	1953	705	179.47200222510025	1.8433179723502304
CCACTGTGTGTAGC-1	pt_4|2	T cells	Naive CD4 T	2305	689	213.74114180286918	2.689804772234273
CCAGCACTGCGATT-1	NA	Monocytes	FCGR3A+ Mono	4088	1320	84.73540090912593	2.4217221135029354
CCAGCTACACAGTC-1	pt_4|2	T cells	Naive CD4 T	1758	689	126.19663280499564	1.5927189988623434
CCAGTCACACTGTG-1	pt_4|2	B cells	B	1761	752	44.34676488545938	1.306076093128904
CCAGTGCTCGTAGT-1	NA	T cells	Memory CD4 T	2562	841	114.79376104352954	2.146760343481655
CCATCCGAAAGCAA-1	pt_4|2	T cells	Naive CD4 T	2456	785	107.16995894951529	3.664495114006515
CCATCGTGCTAGAC-1	NA	Monocytes	FCGR3A+ Mono	2559	901	162.3088012033348	2.1883548261039465
CCCAGACTTTCGCC-1	pt_4|2	Monocytes	FCGR3A+ Mono	4410	1320	81.47235187080737	2.6077097505668934
CCCTCAGACGAGAG-1	pt_4|2	T cells	NA	2925	925	135.3713871935592	1.7435897435897436
CCCTGAACTAAAGG-1	pt_4|2	B cells	B	1530	566	38.30895881574358	1.9607843137254901
CCCTGATGCAAGCT-1	pt_4|2	B cells	NA	1846	727	124.71343912760278	1.895991332611051
CCCTTACTGCAGTT-1	pt_4|2	T cells	NA	973	457	185.21897001066657	1.8499486125385407
CCGAAAACCTTGTT-1	pt_4|2	Monocytes	FCGR3A+ Mono	5144	1512	191.95170068870314	2.5660964230171075
CCGACTACTGAGGG-1	pt_4|2	T cells	NA	2370	876	199.8773242789017	1.729957805907173
CCGATAGACCTAAG-1	pt_4|2	T cells	NA	1636	523	187.5473921417675	2.506112469437653
CCGCGAGAGGTTCA-1	pt_4|2	T cells	NA	1965	772	156.50827024473463	1.984732824427481
CCGCTATGTGCACA-1	NA	Monocytes	CD14+ Mono	2854	939	154.6246501060979	2.172389628591451
CCGTACACAGCGTT-1	pt_4|2	B cells	NA	2007	793	132.6597765619639	1.295465869456901
CCGTACACGTCATG-1	pt_4|2	T cells	NA	2076	837	125.07018279482753	2.9383429672447012
CCTAAGGACCCAAA-1	NA	T cells	Naive CD4 T	2053	674	131.1145494556048	1.753531417437896
CCTATAACCAAAGA-1	pt_4|2	T cells	Naive CD4 T	2560	785	112.01380618179826	2.34375
CCTATAACGAGACG-1	pt_4|2	Monocytes	NA	1505	586	143.54057971397765	2.39202657807309
CCTCGAACCCGTAA-1	NA	Monocytes	NA	2060	780	128.40696134515701	2.1844660194174756
CCTCTACTGGCATT-1	pt_4|2	T cells	Naive CD4 T	2174	699	125.89999503118965	1.517939282428703
CGAAGACTGGAACG-1	pt_4|2	T cells	CD8 T	2442	945	96.8102348279063	2.7846027846027845
CGACGTCTATCGTG-1	NA	T cells	CD8 T	2042	700	111.09323925744442	2.3506366307541624
CGAGAACTAAGGCG-1	pt_4|2	T cells	CD8 T	1912	727	97.54305578086482	2.6673640167364017
CGAGAACTACGTTG-1	NA	T cells	NA	1842	616	120.47798316958358	2.823018458197611
CGAGCGTGGATACC-1	pt_4|2	T cells	NA	3359	913	129.56219537999326	1.428996725215838
CGAGGCACTCTTCA-1	pt_4|2	T cells	NA	1827	776	154.04870024058334	1.9157088122605364
CGAGGCTGGCAGTT-1	pt_4|2	Monocytes	NA	2937	1014	162.37588494659911	2.213142662580865
CGATACGATTCACT-1	pt_4|2	B cells	B	2020	728	128.6838922515252	1.4356435643564358
CGATAGACCGTACA-1	NA	T cells	Memory CD4 T	2090	926	78.597267913564	0.7655502392344498
CGATCCACCGGGAA-1	pt_4|2	T cells	NA	3230	1102	189.09013977486063	2.2291021671826625
CGATCCACTTCCAT-1	NA	B cells	B	591	326	118.90270356675474	2.030456852791878
CGCACGGAGGACGA-1	pt_4|2	B cells	NA	1171	554	137.620562851605	2.4765157984628523
CGCACTACAGAATG-1	pt_4|2	T cells	Naive CD4 T	1864	680	98.11317467803167	1.2339055793991416
CGCACTACAGCCAT-1	pt_4|2	T cells	Memory CD4 T	3375	1030	107.32741740375567	1.037037037037037
CGCACTACATTGGC-1	pt_4|2	T cells	Memory CD4 T	2816	849	91.99253848352075	1.8110795454545456
CGCACTACTCGCCT-1	NA	B cells	B	1281	563	129.4743968938908	2.029664324746292
CGCACTACTCGTGA-1	pt_4|2	T cells	NA	2071	879	105.12482731582548	2.3660067600193146
CGCAGGACAGATCC-1	pt_4|2	T cells	NA	2212	822	228.68621165805945	3.390596745027125
CGCATAGATCACGA-1	pt_4|2	Monocytes	CD14+ Mono	954	461	140.53712546948657	1.1530398322851152
CGCCTAACTGCTCC-1	pt_4|2	T cells	NA	3489	1006	80.02500866928091	1.5763829177414732
CGCGAGACACAGCT-1	pt_4|2	T cells	NA	2246	798	117.10984461287941	3.250222617987533
CGCGAGACAGGTCT-1	NA	B cells	NA	3171	1033	61.397154498900804	3.1535793125197102
CGCGATCTTTCTTG-1	NA	B cells	NA	2394	761	140.98393571150632	2.3391812865497075
CGCTAAGACAACTG-1	pt_4|2	T cells	Naive CD4 T	2771	858	157.32006106686325	2.0931071815229156
CGCTAAGACCCTTG-1	pt_4|2	T cells	NA	2620	867	136.24188840749622	2.0229007633587788
CGCTACTGTTCCCG-1	pt_4|2	T cells	CD8 T	1366	670	192.92553296078182	3.1478770131771596
CGGACCGATGCGTA-1	pt_4|2	T cells	NA	1834	808	163.41180620874948	1.3086150490730644
CGGACTCTAAACAG-1	pt_4|2	B cells	NA	1658	599	98.26362725707457	1.9903498190591074
CGGACTCTCCTCGT-1	pt_4|2	T cells	CD8 T	1873	854	174.22873325512774	1.8152696209289907
CGGATAACAACGAA-1	pt_4|2	Monocytes	NA	2575	892	148.5076100005993	1.0097087378640777
CGGATAACTCAGTG-1	pt_4|2	Monocytes	NA	959	449	96.52202707202436	2.398331595411887
CGGCACGACTACGA-1	pt_5|2	Monocytes	NA	2837	1049	140.49226037918808	3.489601691928093
CGGCATCTTAGAAG-1	pt_5|2	T cells	CD8 T	1982	823	52.38061928906434	2.320887991927346
CGGCGAACGGTCTA-1	NA	T cells	Memory CD4 T	2498	878	70.89610004052585	1.5612489991993594
CGGGACTGGAATAG-1	pt_5|2	T cells	NA	2012	814	147.6870529119633	3.3797216699801194
CGGGCATGACCCAA-1	pt_5|2	T cells	NA	1030	463	111.56184734449917	4.660194174757281
CGGTCACTGTTTGG-1	pt_5|2	T cells	NA	2138	805	287.7166538905351	1.824134705332086
CGGTCACTTACTTC-1	pt_5|2	T cells	Memory CD4 T	3247	1119	138.0882555148045	1.324299353249153
CGTACCACGGAGCA-1	NA	T cells	Naive CD4 T	2132	763	186.62819439702278	1.9699812382739212
CGTCAAGACAGAGG-1	pt_5|2	T cells	Memory CD4 T	2748	956	75.07474943204537	1.9286754002911208
CGTCCATGCTCTTA-1	pt_5|2	T cells	Naive CD4 T	2746	892	145.320820780865	1.3109978150036417
CGTCGACTTTCCGC-1	pt_5|2	T cells	NA	2188	903	159.3212146580365	1.6453382084095063
CGTGATGACGCTAA-1	NA	T cells	Naive CD4 T	909	494	151.06049196514692	1.87018701870187
CGTGATGAGGTTCA-1	NA	T cells	NA	1747	708	69.88267625059909	3.205495134516314
CTAAGGACGCCATA-1	pt_5|2	Monocytes	NA	2878	1011	153.22150880736697	1.9805420430854759
CTACCTCTCAACCA-1	pt_5|2	T cells	NA	2333	786	88.69116060526046	0.8144020574367767
CTACGCACACCTAG-1	pt_5|2	Monocytes	FCGR3A+ Mono	3710	1136	73.26592794827343	2.5067385444743935
CTACTATGCTAAGC-1	pt_5|2	T cells	Memory CD4 T	2704	851	196.9351196620753	2.403846153846154
CTAGAGACACTTTC-1	pt_5|2	T cells	Memory CD4 T	3199	1150	107.74711928094555	1.9068458893404188
CTAGAGACTTTGGG-1	NA	Monocytes	FCGR3A+ Mono	5515	1621	163.6565739673542	3.3544877606527654
CTAGATCTCTCTAT-1	NA	T cells	Memory CD4 T	1822	731	86.14466963160939	1.8111964873765092
CTAGGTGATGGTTG-1	pt_5|2	Monocytes	NA	3254	1195	48.762739609314025	1.936078672403196
CTATAGCTTCGCTC-1	pt_5|2	Monocytes	NA	2542	980	161.64583835390107	2.753737214791503
CTATCAACGCAGAG-1	pt_5|2	T cells	Memory CD4 T	3160	1060	59.50036962933686	2.2468354430379747
CTATCCCTCCACCT-1	NA	Monocytes	CD14+ Mono	2172	822	124.78011822547491	2.209944751381215
CTATGTTGAAAGCA-1	pt_5|2	T cells	Memory CD4 T	3166	925	179.91883384023944	1.9583070120025268
CTATTGACGGTGAG-1	pt_5|2	Monocytes	CD14+ Mono	3967	1262	33.0606577087256	1.6133098058986641
CTCAGGCTCGTTGA-1	pt_5|2	Monocytes	FCGR3A+ Mono	4502	1463	123.18957658167773	2.465570857396713
CTCATTGATGCTTT-1	pt_5|2	Monocytes	NA	3006	1005	134.15581522036206	2.1290751829673984
CTCCGAACAAGTGA-1	pt_5|2	Monocytes	NA	2439	992	149.69203469209407	2.2550225502255024
CTCCTACTGCCTTC-1	pt_5|2	Monocytes	NA	1292	563	111.06252142242151	3.7151702786377707
CTCGAAGATTAGGC-1	pt_5|2	Monocytes	NA	2373	903	127.34172877622686	0.9692372524230931
CTCGAGCTCTGGAT-1	pt_5|2	T cells	NA	1157	588	96.20716498679757	0.9507346585998271
CTCTAAACCTCGAA-1	NA	T cells	NA	2271	797	153.47933943861878	1.0568031704095113
CTGAAGTGAAGCCT-1	NA	Monocytes	NA	4070	1434	221.0340833751689	2.9975429975429972
CTGACCACAGCAAA-1	pt_5|2	T cells	Naive CD4 T	2477	823	130.917983718721	0.8074283407347598
CTGATTTGGTGTTG-1	pt_5|2	Monocytes	NA	2992	1061	160.43841398635467	1.1697860962566844
CTGCAGCTGACACT-1	NA	T cells	NA	3101	807	161.6001596188045	0.709448564979039
CTGCAGCTGGATTC-1	NA	Monocytes	NA	4043	1386	135.52568323633875	1.558248825129854
CTGCCAACTTGCTT-1	NA	T cells	CD8 T	2327	882	128.563950286887	2.2776106574989257
CTGGAAACATCGAC-1	pt_5|2	T cells	NA	2151	842	151.07667598065302	1.394700139470014
CTGGATGATGTGAC-1	pt_5|2	B cells	NA	868	417	151.6137177736567	1.6129032258064515
CTGTAACTAACCAC-1	pt_5|2	T cells	Memory CD4 T	2165	836	131.65817616612944	2.956120092378753
CTGTGAGACAACCA-1	pt_5|2	Monocytes	FCGR3A+ Mono	4058	1298	184.03535059858248	2.291769344504682
CTGTGAGACTGTAG-1	pt_5|2	Monocytes	CD14+ Mono	3255	1089	197.5105318794873	2.3655913978494625
CTTAACACTATCGG-1	pt_5|2	B cells	B	1748	627	117.4847659638351	2.2883295194508007
CTTAAGCTCATCAG-1	pt_5|2	T cells	Naive CD4 T	1860	729	100.21793863210749	3.064516129032258
CTTAAGCTCCGCTT-1	pt_5|2	B cells	NA	2372	851	156.60840033063965	2.993254637436762
CTTAGGGACTTGCC-1	pt_5|2	T cells	NA	2989	1061	163.734420927742	0.6691201070592171
CTTATCGACTCATT-1	NA	T cells	NA	1966	743	125.0276577732947	1.9328585961342828
CTTCACCTACCTGA-1	NA	Monocytes	NA	4888	1528	159.15437129955794	2.393617021276596
CTTGATTGAGGTTC-1	pt_5|2	T cells	NA	2005	920	162.45198220855576	1.6957605985037407
CTTGTATGACACCA-1	pt_5|2	B cells	B	2020	784	150.98129709217278	1.2871287128712872
CTTTAGACTCATTC-1	pt_5|2	T cells	CD8 T	2510	855	170.9793355797048	3.2270916334661357
CTTTCAGAGAAACA-1	pt_5|2	T cells	Naive CD4 T	2493	902	188.16048323395086	1.363818692338548
CTTTGATGTGTGGT-1	pt_5|2	T cells	NA	2490	816	108.25217993643662	1.6465863453815262
GAAACCTGGACTAC-1	pt_5|2	Monocytes	FCGR3A+ Mono	5326	1690	161.03059559304546	2.5910627112279387
GAAAGATGCTGATG-1	pt_5|2	Monocytes	FCGR3A+ Mono	4688	1464	122.19967486050481	2.3250853242320817
GAACCTGATGAACC-1	pt_5|2	T cells	Memory CD4 T	2869	937	85.28895666380947	1.2896479609620077
GAACTGTGACCTGA-1	NA	Monocytes	FCGR3A+ Mono	4023	1361	119.03572344221897	2.013422818791946
GAAGGGTGAAAGTG-1	pt_5|2	T cells	NA	2472	802	231.806162823297	0.8090614886731391
GAAGGTCTGAAAGT-1	pt_5|2	T cells	Memory CD4 T	2278	1082	74.65482940161687	0.9657594381035997
GAAGTAGACTCCCA-1	pt_5|2	T cells	NA	1871	795	167.0482066409889	2.351683591662213
GAAGTAGATCCAAG-1	pt_5|2	Monocytes	NA	4035	1408	180.36578716803615	2.65179677819083
GAAGTCACCCTCGT-1	NA	Monocytes	CD14+ Mono	1853	771	68.84805190754464	1.5650296815974094
GACAGGGAAGAGTA-1	pt_5|2	B cells	NA	1573	661	212.08237818353126	2.8607755880483152
GACAGTACGAGCTT-1	pt_5|2	Monocytes	FCGR3A+ Mono	4929	1546	111.17161866503046	2.4345709068776626
GACCCTACTAAAGG-1	pt_5|2	B cells	B	1493	714	95.3997481106222	1.4735432016075016
GACCTAGACCTCAC-1	pt_5|2	T cells	Naive CD4 T	1177	529	177.7911393937439	4.927782497875956
GACGATTGCCAATG-1	pt_5|2	B cells	NA	1183	570	181.2385663287624	1.521555367709214
GACGTCCTACGGAG-1	pt_5|2	T cells	Memory CD4 T	2223	803	56.43113821182658	1.6644174538911383
GACGTCCTCTCAAG-1	pt_5|2	Monocytes	CD14+ Mono	2411	902	148.5925646926082	2.6545002073828283
GACTGAACCAATCG-1	pt_5|2	Monocytes	NA	2297	763	135.34531356837968	1.1319111885067479
GAGATGCTCTGGAT-1	pt_5|2	T cells	NA	2074	848	-16.063359254250145	2.796528447444552
GAGATGCTGAATGA-1	pt_6|2	T cells	Memory CD4 T	1802	809	210.8149267215805	1.7758046614872365
GAGCATACTTTGCT-1	NA	Monocytes	FCGR3A+ Mono	6691	1750	187.4847255772031	1.673890300403527
GAGGGAACGAGGGT-1	pt_6|2	T cells	Memory CD4 T	1827	840	85.65110318367522	2.353585112205802
GAGGGCCTTCACCC-1	pt_6|2	T cells	Memory CD4 T	2479	954	118.45860129320795	2.7027027027027026
GAGGGTGAAGAGTA-1	pt_6|2	T cells	NA	2598	795	105.11759465880914	1.539645881447267
GAGTGGGAGTCTTT-1	pt_6|2	B cells	NA	1580	640	256.60568664061725	2.5316455696202533
GAGTGGGATGCCCT-1	pt_6|2	T cells	Naive CD4 T	2473	744	120.86833665953107	2.06227254346947
GAGTTGTGCTGAGT-1	pt_6|2	T cells	NA	2000	849	160.5678057740092	2.3
GATAGAGATCACGA-1	pt_6|2	Monocytes	CD14+ Mono	2808	995	211.4818936889551	1.4245014245014245
GATATTGACAGGAG-1	pt_6|2	T cells	NA	1735	743	200.41312682070327	3.631123919308357
GATATTGACGAGTT-1	pt_6|2	Monocytes	NA	4409	1446	122.32873468371493	1.3608528010886822
GATCGATGACTAGC-1	pt_6|2	B cells	NA	1136	554	241.20246582220045	0.8802816901408451
GATCTTACCCTACC-1	pt_6|2	T cells	Memory CD4 T	2802	920	191.85541348297056	2.426837972876517
GATGCCCTACGTAC-1	pt_6|2	T cells	Memory CD4 T	2808	1010	105.65845701463223	2.5284900284900287
GATTCGGAGAAGGC-1	NA	Monocytes	FCGR3A+ Mono	3633	1181	144.44314369958633	2.3671896504266448
GATTTAGACTAAGC-1	pt_6|2	B cells	B	2964	1193	66.39014894397991	1.3832658569500675
GATTTAGATTCGTT-1	pt_6|2	Monocytes	NA	662	323	144.29523589493513	1.5105740181268883
GCAATCGACTGCAA-1	NA	T cells	NA	2344	861	96.10596426186237	3.540955631399317
GCAATCGAGACGTT-1	pt_6|2	Monocytes	CD14+ Mono	3898	1283	226.60328023621682	3.0528476141611085
GCAATTCTCGTGTA-1	pt_6|2	T cells	Memory CD4 T	2592	889	146.2897504197221	1.8904320987654322
GCAATTCTTCTCCG-1	pt_6|2	T cells	NA	3261	983	214.84630326263564	1.8092609628948173
GCACCACTGTTTGG-1	pt_6|2	Monocytes	CD14+ Mono	776	362	150.44920149737362	1.5463917525773196
GCACCACTTTCGGA-1	pt_6|2	Monocytes	NA	3246	1135	121.58285781212007	1.756007393715342
GCACCTTGGGGAGT-1	pt_6|2	Monocytes	CD14+ Mono	3739	1102	108.45408395455	1.9523936881519124
GCACGGTGCTATGG-1	pt_6|2	Monocytes	NA	3103	1168	135.3757313842438	2.578150177247825
GCACTAGATGCAAC-1	pt_6|2	T cells	NA	2664	913	186.94336746812496	1.3888888888888888
GCAGGGCTAAGAAC-1	pt_6|2	T cells	NA	2968	767	70.30099902085941	1.954177897574124
GCATCAGATGCGTA-1	pt_6|2	T cells	CD8 T	2047	767	149.75961558326793	3.859306301905227
GCCCATACAGCGTT-1	pt_6|2	T cells	NA	1957	778	182.14343799574647	0.4087889626980072
GCCGACGAACTCTT-1	NA	Monocytes	CD14+ Mono	2980	984	143.6561480043678	2.0805369127516777
GCCGGAACGAACTC-1	NA	T cells	CD8 T	2325	830	188.48544368923928	2.1505376344086025
GCCGGAACTGCACA-1	pt_6|2	T cells	NA	1591	685	153.48860422248475	4.902576995600252
GCCTACACCACTGA-1	pt_6|2	Monocytes	NA	2617	906	115.43839026244717	2.1016431027894535
GCCTAGCTTCTCTA-1	pt_6|2	Monocytes	NA	3409	1208	102.09158918866731	3.314755060134937
GCGAAGGATGCCAA-1	NA	T cells	NA	2464	827	154.88695512310858	1.9886363636363635
GCGAGCACTTGACG-1	pt_6|2	T cells	NA	2281	800	172.77280158294252	2.4989039894782987
GCGCACGAAGTCGT-1	pt_6|2	T cells	Naive CD4 T	2262	755	108.06978576848273	2.7851458885941645
GCGCATCTTCGATG-1	pt_6|2	T cells	Naive CD4 T	2295	765	216.91135242165439	1.6557734204793026
GCGCGATGAACGGG-1	pt_6|2	T cells	Naive CD4 T	2632	857	167.61205575219918	0.9878419452887538
GCGTAATGCACCAA-1	pt_6|2	Monocytes	NA	3965	1375	133.6860155553426	2.749054224464061
GCTACAGAAAGGTA-1	pt_6|2	T cells	Naive CD4 T	2450	805	181.98263516023667	1.183673469387755
GCTACAGAATCTTC-1	pt_6|2	B cells	B	648	337	178.2565498032535	1.8518518518518516
GCTACCTGAGAAGT-1	pt_7|2	Monocytes	NA	3293	1101	189.47024715663906	4.49438202247191
GCTACGCTAGAATG-1	NA	T cells	Naive CD4 T	2978	964	33.439676503903996	4.197447951645399
GCTAGATGGCGATT-1	pt_7|2	T cells	NA	2014	777	142.31018844227827	2.8301886792452833
GCTATACTAAGGCG-1	pt_7|3	T cells	Naive CD4 T	3086	998	214.78808988997764	1.4906027219701878
GCTCAAGAACCATG-1	pt_7|3	Monocytes	FCGR3A+ Mono	5552	1674	122.60430955892993	1.8011527377521614
GCTTAACTACTGGT-1	pt_7|3	T cells	CD8 T	1796	778	105.28589588531968	2.1714922048997773
GCTTAACTTCAGTG-1	pt_7|3	T cells	Naive CD4 T	2709	844	181.16179442865638	1.6242155777039495
GGAACTTGGGTAGG-1	NA	B cells	NA	1740	585	164.09787780982296	4.3678160919540225
GGAATCTGAAGGGC-1	pt_7|3	T cells	NA	1733	642	122.01424351295786	2.1350259665320253
GGAATCTGCTTAGG-1	pt_7|3	B cells	NA	1512	594	137.95806321489016	2.314814814814815
GGAATCTGCTTGTT-1	pt_7|3	Monocytes	NA	3348	1179	106.074465825967	4.86857825567503
GGACCCGAAGCTAC-1	NA	Monocytes	CD14+ Mono	3320	1194	117.95153218483968	1.6265060240963853
GGACCGTGTAACGC-1	pt_7|3	T cells	NA	2912	945	249.48860678778783	2.2664835164835164
GGACGCTGCTAGCA-1	pt_7|3	T cells	Naive CD4 T	3128	823	136.51842352943592	1.9820971867007673
GGAGCGCTCCGAAT-1	pt_7|3	T cells	Memory CD4 T	3243	994	109.10705925422987	1.171754548257786
GGAGGCCTTTCTTG-1	pt_7|3	T cells	NA	2407	792	163.0689653745951	2.11882010801828
GGATTTCTAGGTTC-1	pt_7|3	T cells	Memory CD4 T	1900	735	143.0296165527899	2.3157894736842106
GGATTTCTTTGTCT-1	pt_7|3	Monocytes	CD14+ Mono	3343	1160	126.69850689249157	1.9443613520789709
GGCAATACGTTTCT-1	NA	B cells	NA	2075	795	131.7888368207411	2.216867469879518
GGCACTCTTTTGTC-1	pt_7|3	T cells	Memory CD4 T	2542	994	111.02110935779285	1.1801730920535012
GGCCAGACTGGTTG-1	pt_7|3	T cells	NA	2562	945	86.67980312602384	1.678376268540203
GGCCGATGTACTCT-1	pt_7|3	T cells	CD8 T	2606	771	61.39420553027189	2.417498081350729
GGCGCATGCCTAAG-1	NA	Monocytes	NA	2095	797	103.87372917519446	2.052505966587112
GGCGGACTCTTGGA-1	pt_7|3	T cells	NA	1933	827	87.38040195037424	3.362648732540093
GGGAACGACACAAC-1	pt_7|3	B cells	B	1711	691	105.96780200246818	1.8702513150204558
GGGACCACTCAAGC-1	pt_7|3	T cells	Naive CD4 T	1064	453	156.88997636036515	1.6917293233082706
GGGACCACTCGTGA-1	pt_7|3	T cells	Naive CD4 T	2290	733	85.84245539669888	2.2707423580786026
GGGCAAGATGCATG-1	pt_7|3	Monocytes	CD14+ Mono	1424	585	171.3154547028277	2.387640449438202
GGGTAACTCAGCTA-1	pt_7|3	T cells	NA	3427	1079	154.8598757193219	2.0717829004960606
GGTACATGCGGTAT-1	pt_7|3	T cells	NA	1373	539	114.29249212932439	1.7479970866715222
GGTACATGTGGGAG-1	pt_7|3	T cells	NA	2747	941	176.89379941129042	2.3298143429195486
GGTAGTACTGTCTT-1	NA	T cells	Memory CD4 T	2747	991	77.25807003231299	1.2377138696760102
GGTATCGAGACAAA-1	pt_7|3	Monocytes	CD14+ Mono	809	379	133.59583927526648	1.8541409147095178
GGTGATACCGACTA-1	pt_7|3	B cells	B	1694	728	138.3652157950978	2.479338842975207
GGTGGAGAAGTAGA-1	NA	T cells	NA	1897	794	123.13860980961705	1.686874011597259
GGTGGAGATCGATG-1	pt_7|3	T cells	Memory CD4 T	2296	827	208.2235409774625	2.0905923344947737
GTAAGCACAACGGG-1	pt_7|3	T cells	NA	2030	766	187.5757621284937	0.8374384236453201
GTAAGCACTCATTC-1	pt_7|3	B cells	B	1137	519	89.59589999490294	2.1108179419525066
GTAAGCTGGTACCA-1	NA	Monocytes	NA	1449	670	160.9242699835937	2.898550724637681
GTAATAACCTTCTA-1	pt_7|3	Monocytes	CD14+ Mono	2207	795	111.12648185131951	3.5795197100135927
GTAATAACGTTGTG-1	pt_7|3	T cells	NA	2117	643	142.41528738611714	2.550779404818139
GTACCCTGACAGTC-1	pt_7|3	Monocytes	FCGR3A+ Mono	5049	1548	94.82920959682414	1.6042780748663104
GTACTTTGTCGACA-1	pt_7|3	T cells	CD8 T	2420	856	156.03683446970513	2.603305785123967
GTAGCAACAGTCGT-1	pt_7|3	Monocytes	CD14+ Mono	2231	830	160.0475086633921	1.9722097714029583
GTAGCAACGGTAGG-1	pt_7|3	Monocytes	NA	955	429	171.16106061840048	0.41884816753926707
GTAGGTACACGGGA-1	pt_7|3	Monocytes	CD14+ Mono	2857	971	190.1144931739118	1.7150857542877145
GTAGTGTGAGGCGA-1	NA	Monocytes	CD14+ Mono	1146	506	142.17703306638526	2.356020942408377
GTATCTACGTTACG-1	NA	T cells	NA	2807	1013	128.08549967515012	3.0281439258995366
GTATTAGAAACAGA-1	pt_7|3	T cells	NA	3487	1426	171.15173455555396	1.4338973329509608
GTATTAGAGGTCTA-1	pt_7|3	T cells	NA	1408	584	185.85102208327427	1.4204545454545454
GTATTCACGGGTGA-1	pt_7|3	T cells	NA	1739	702	213.63836104254653	2.127659574468085
GTCAACGAGTGTAC-1	pt_7|3	Monocytes	CD14+ Mono	2148	806	167.46405811881388	1.86219739292365
GTCATACTGCGATT-1	NA	T cells	CD8 T	1456	668	193.37872410636476	0.6868131868131868
GTCTAACTGGTCTA-1	NA	Monocytes	NA	3369	1058	206.3029417845769	2.879192638765212
GTGAACACTCAGGT-1	NA	T cells	Naive CD4 T	1243	530	109.35289858318671	0.9654062751407884
GTGATGACCTGAGT-1	NA	B cells	NA	1095	502	163.0133930568467	2.009132420091324
GTGATTCTTAGCGT-1	pt_7|3	B cells	B	1343	493	155.72411510048556	2.4571854058078926
GTGCCACTCAGGAG-1	pt_7|3	T cells	NA	1895	658	84.41958725851897	0.8970976253298154
GTGGATTGCACTAG-1	pt_7|3	Monocytes	NA	4560	1466	134.94281851306383	3.223684210526316
GTGGATTGTAACGC-1	pt_7|3	T cells	Naive CD4 T	2764	832	171.3284677349513	1.881331403762663
GTGTCAGAAGCGTT-1	pt_7|3	T cells	CD8 T	2052	905	161.7854750660778	2.0955165692007798
GTTAACCTAGCTAC-1	NA	T cells	NA	2447	826	103.5932293539796	2.6971802206783817
GTTAGGTGCCAGTA-1	NA	Monocytes	NA	4971	1496	172.054579403785	2.675518004425669
GTTAGGTGCCCAAA-1	pt_7|3	Monocytes	FCGR3A+ Mono	2189	953	271.0541383186836	0.5938784833257195
GTTGATCTTTTCAC-1	pt_7|3	T cells	NA	2460	970	180.05340786664726	2.154471544715447
GTTGGATGTTTACC-1	NA	Monocytes	FCGR3A+ Mono	4436	1362	133.83326220217984	2.5247971145175834
TAACACCTTCGCTC-1	pt_7|3	Monocytes	NA	2754	980	111.65855651311605	1.4524328249818446
TAACATGACACTAG-1	NA	B cells	B	3388	1121	142.10592134429393	1.948051948051948
TAACTCACGTATCG-1	pt_7|3	Monocytes	NA	3806	1197	196.93600454719046	1.9442984760903836
TAAGAGGACTAAGC-1	pt_7|3	B cells	B	2017	782	177.1607005157157	2.131879028259792
TAAGGCTGTCTCGC-1	pt_7|3	Monocytes	CD14+ Mono	3420	1195	214.5524806667106	2.1345029239766085
TACAAATGGGTACT-1	pt_7|3	T cells	Memory CD4 T	2545	925	194.83523607374093	2.200392927308448
TACATCACACGGGA-1	pt_7|3	T cells	Naive CD4 T	1621	604	86.18505069727593	1.6656384947563232
TACATCACCTGTTT-1	pt_7|3	Monocytes	NA	4201	1390	97.6889138486304	3.6895977148298025
TACATCACGCTAAC-1	pt_7|3	B cells	NA	1792	652	159.3900674773091	1.7857142857142856
TACATCACTGAACC-1	pt_7|3	Monocytes	NA	4600	1507	163.815992931175	1.2826086956521738
TACGATCTTACGAC-1	pt_7|3	T cells	NA	1686	701	114.22916654695341	2.7876631079478056
TACGCCACTCCCAC-1	pt_7|3	Monocytes	FCGR3A+ Mono	5286	1618	52.5118792871025	3.159288687097995
TACTAAGATTGCGA-1	pt_7|3	T cells	Memory CD4 T	2549	878	183.1037061748289	1.490780698313064
TACTACTGATTCTC-1	pt_7|3	T cells	NA	2383	801	193.1373954650592	1.3008812421317666
TACTTGACTCCTCG-1	pt_7|3	T cells	CD8 T	1705	786	189.33716655766742	1.6422287390029326
TACTTGACTGGTGT-1	NA	B cells	NA	1598	609	142.23013384937184	1.939924906132666
TACTTTCTTTTGGG-1	pt_7|3	T cells	NA	1590	663	194.54069943542694	4.150943396226415
TAGACGTGCTTGAG-1	NA	T cells	NA	1986	690	148.17764786183744	3.3736153071500503
TAGACGTGTCGCTC-1	pt_7|3	T cells	NA	2593	840	117.51997103707262	1.0026995757809487
TAGATTGACTTGTT-1	pt_7|3	B cells	NA	1592	620	117.81034679068654	3.4547738693467336
TAGCCGCTTTCCAT-1	pt_7|3	Monocytes	NA	3330	1061	212.33797966288185	2.2522522522522523
TAGGAGCTAAGGCG-1	pt_7|3	B cells	B	2038	676	79.97049919406632	3.0912659470068693
TAGGAGCTGAGGGT-1	pt_7|3	T cells	Naive CD4 T	2596	837	162.32596207962484	1.848998459167951
TAGGCATGGCGAGA-1	pt_7|3	T cells	CD8 T	2402	920	170.13474066949357	1.2073272273105746
TAGGTGACACGTTG-1	pt_7|3	B cells	NA	1888	708	93.85680844871865	3.8665254237288136
TAGGTTCTTCTTAC-1	pt_7|3	Monocytes	FCGR3A+ Mono	3244	1124	138.01789408553822	2.466091245376079
TAGTCTTGGCTGTA-1	pt_7|3	T cells	NA	652	270	82.79211164364652	0
TATAAGACAGCTCA-1	NA	Monocytes	FCGR3A+ Mono	4145	1396	95.72176464117265	2.195416164053076
TATACAGAACCCTC-1	pt_7|3	T cells	CD8 T	1975	703	114.4968462669193	2.3797468354430378
TATACCACCTGATG-1	pt_7|3	B cells	NA	1971	730	121.28019715886673	3.3992897006595637
TATAGATGTTCCGC-1	pt_7|3	Monocytes	NA	3648	1207	183.2276914712397	3.1524122807017543
TATCCAACCAGCTA-1	pt_8|3	Monocytes	CD14+ Mono	1074	472	215.43823131591614	1.48975791433892
TATCCAACTCTCTA-1	pt_8|3	T cells	NA	1971	836	132.69149457568685	2.73972602739726
TATCGTACAGATGA-1	NA	T cells	CD8 T	2185	879	141.67603132518335	2.517162471395881
TATCTGACAGGTTC-1	pt_8|3	T cells	NA	1888	832	192.75128868063103	2.489406779661017
TATGAATGTTTGCT-1	pt_8|3	Monocytes	FCGR3A+ Mono	3725	1269	160.15143908178817	2.577181208053691
TATGTGCTCCGATA-1	pt_8|3	Monocytes	CD14+ Mono	2909	967	133.33897928251284	1.6500515641113784
TATTGCTGCCGTTC-1	pt_8|3	B cells	B	1288	532	172.03949659779366	4.891304347826087
TCAAGGACAGCGTT-1	pt_8|3	T cells	Naive CD4 T	1738	617	105.18516875173712	1.4959723820483315
TCAATCACACTCTT-1	pt_8|3	T cells	NA	2134	882	216.06679188202128	2.7647610121836927
TCACAACTATGTGC-1	pt_8|3	T cells	NA	1839	661	107.21603940830704	1.957585644371941
TCACAACTTTGCTT-1	pt_8|3	Monocytes	CD14+ Mono	1299	557	122.44384784343042	3.387220939183987
TCACATACAGGGTG-1	pt_8|3	T cells	NA	1202	490	187.11335774668743	1.6638935108153077
TCACCCGAGACGGA-1	pt_8|3	Monocytes	NA	4217	1383	184.62278677951738	2.1579321792743658
TCACCGTGCTCGCT-1	pt_8|3	Monocytes	FCGR3A+ Mono	4572	1477	130.69049376262896	3.499562554680665
TCACTATGGTTGTG-1	pt_8|3	B cells	B	808	363	162.29633546499497	0.6188118811881188
TCAGCGCTCTAGTG-1	pt_8|3	T cells	NA	1778	803	184.97524323781136	2.699662542182227
TCAGCGCTGGTATC-1	pt_8|3	T cells	NA	2359	860	164.5107715597037	3.009749894022891
TCAGGATGAAGTAG-1	pt_8|3	T cells	Naive CD4 T	1617	645	70.84506346823399	1.2368583797155226
TCAGGATGCCTTTA-1	pt_8|3	Monocytes	FCGR3A+ Mono	3121	1141	167.0264244528494	2.595322012175585
TCAGTGGAAGATCC-1	pt_8|3	T cells	NA	1688	736	185.8793796137884	1.8957345971563981
TCAGTTACTAGAAG-1	pt_8|3	T cells	NA	2237	824	180.0087692596477	1.2516763522574879
TCATTCGATACAGC-1	pt_8|3	Monocytes	FCGR3A+ Mono	4629	1416	265.21069437602864	2.9812054439403757
TCCACTCTTACTTC-1	pt_8|3	B cells	NA	1502	632	146.43018489754922	0.7323568575233023
TCCCACGATCATTC-1	pt_8|3	T cells	NA	2636	893	58.02176666892642	1.062215477996965
TCGAATCTCTGGTA-1	pt_8|3	T cells	NA	1305	581	136.406291930488	2.375478927203065
TCGAGAACGACAGG-1	NA	T cells	Memory CD4 T	2494	833	115.3887313179445	4.330392943063352
TCGAGAACGTTAGC-1	pt_8|3	T cells	NA	3383	1289	139.40485675257275	1.596216375997635
TCGAGCCTGCGAGA-1	pt_8|3	T cells	NA	3235	1128	77.56259194759872	2.4420401854714067
TCGATTTGTCGTGA-1	NA	B cells	NA	2734	815	179.84717092484786	1.8653986832479885
TCGCCATGTGGTCA-1	pt_8|3	B cells	B	1581	702	185.94953128149456	1.7710309930423784
TCGGTAGAGTAGGG-1	pt_8|3	T cells	NA	2104	688	201.84920563491778	1.520912547528517
TCGGTAGATCCCAC-1	pt_8|3	B cells	B	2176	748	93.40255967610238	1.7463235294117647
TCTAAGCTTAGTCG-1	pt_8|3	T cells	NA	1791	789	24.733368734840923	1.786711334450028
TCTAAGCTTCTAGG-1	pt_8|3	Monocytes	FCGR3A+ Mono	3781	1262	114.30618605292486	1.6926738957947634
TCTAAGCTTGTTCT-1	pt_8|3	Monocytes	NA	2050	756	134.96402585346317	2.4878048780487805
TCTACAACGACTAC-1	pt_8|3	Monocytes	NA	2562	1020	152.02865652137302	2.2638563622170182
TGAACCGACTACTT-1	pt_8|3	Monocytes	NA	2912	1127	111.71899784232258	1.4423076923076923
TGAAGCACTCACGA-1	pt_8|3	T cells	CD8 T	1915	740	207.3866979476527	2.5587467362924285
TGAATAACTCCCAC-1	pt_8|3	T cells	NA	2140	937	45.818716361194305	4.532710280373832
TGACTGGACCGTAA-1	pt_8|3	T cells	Naive CD4 T	1491	667	176.3090246080921	0.4694835680751174
TGAGACACTCAAGC-1	NA	T cells	NA	1815	742	144.64957769564768	3.9669421487603307
TGAGCTGACTGGAT-1	pt_8|3	Monocytes	CD14+ Mono	2132	802	42.02177068704954	3.283302063789869
TGAGCTGATGCTAG-1	pt_8|3	Monocytes	NA	661	337	249.01008443441145	3.3282904689863844
TGAGGTACGAACCT-1	pt_8|3	Monocytes	FCGR3A+ Mono	4752	1521	120.87746523700051	2.861952861952862
TGATCACTCTCGCT-1	NA	T cells	NA	1843	659	117.98057851260677	2.441671188279978
TGATCGGATATGCG-1	NA	Monocytes	NA	1526	696	40.55892247158411	3.669724770642202
TGCAAGTGAGAACA-1	pt_8|3	T cells	NA	2060	813	26.947095007957955	2.912621359223301
TGCCAAGAGCAGTT-1	NA	Monocytes	FCGR3A+ Mono	2914	964	120.73308620423224	1.6129032258064515
TGCCAAGATCTCTA-1	pt_8|3	T cells	Memory CD4 T	3091	933	89.72009980840727	1.7470074409576188
TGCCCAACCGCATA-1	NA	Monocytes	FCGR3A+ Mono	2799	982	153.3302277678087	3.2511611289746343
TGCCGACTCTCCCA-1	pt_8|3	B cells	B	1901	670	137.22250261199608	2.2093634928984742
TGCGATGACTTGCC-1	pt_8|3	B cells	B	1950	779	121.87897475629879	1.282051282051282
TGGAAAGAGGTCAT-1	pt_8|3	Monocytes	FCGR3A+ Mono	3493	1237	160.65453563082818	3.5499570569710848
TGGAACACGCTAAC-1	pt_8|3	T cells	NA	1654	695	162.28372546009467	2.4788391777509067
TGGACCCTACACTG-1	pt_8|3	Monocytes	CD14+ Mono	695	364	119.36031714302885	1.870503597122302
TGGACCCTCATGGT-1	pt_8|3	T cells	NA	1911	810	86.60120897092682	2.3547880690737837
TGGACTGAGTATGC-1	NA	T cells	NA	3266	1177	180.81222981071068	1.7146356399265157
TGGAGACTATCAGC-1	pt_8|3	Monocytes	CD14+ Mono	3291	1130	116.54648638694809	1.4889091461561836
TGGCAATGCTTGTT-1	pt_8|3	B cells	NA	1723	703	147.8054631958604	2.5536854323853744
TGGGTATGGTACGT-1	pt_8|3	B cells	B	1137	511	72.62049171991241	1.8469656992084433
TGGTAGACATGCCA-1	pt_8|3	T cells	Memory CD4 T	2963	900	154.62787828654714	1.5524805939925752
TGTAGTCTTGCACA-1	NA	T cells	NA	2176	883	154.97207430466375	3.4926470588235294
TGTATGCTCATGGT-1	pt_8|3	B cells	NA	1479	619	161.088985412164	3.2454361054766734
TGTGAGACTGTCAG-1	pt_8|3	Monocytes	FCGR3A+ Mono	2665	979	121.71000072632258	1.5759849906191372
TGTGAGTGACCACA-1	pt_8|3	T cells	Naive CD4 T	1583	582	230.77524006647573	3.1585596967782688
TGTGAGTGAGTGCT-1	pt_8|3	Monocytes	FCGR3A+ Mono	4108	1368	196.50942660727762	2.044790652385589
TGTTAAGATAAGGA-1	pt_8|3	Monocytes	CD14+ Mono	2172	906	147.57478350446178	3.314917127071823
TGTTACACCGCATA-1	NA	Monocytes	NA	3410	1147	71.87169252430324	1.847507331378299
TGTTACTGTAGTCG-1	pt_8|3	T cells	CD8 T	1771	800	236.41880089455785	3.4443817052512706
TTAACCACCGTAAC-1	pt_8|3	T cells	Naive CD4 T	2191	821	85.20743863002677	2.738475581926061
TTAACCACTAAGGA-1	pt_8|3	T cells	NA	1197	528	142.56715876187576	1.921470342522974
TTACCATGGTTGAC-1	pt_8|3	T cells	Memory CD4 T	4142	1305	133.80843976517286	1.0140028971511348
TTACCATGTGTCTT-1	pt_8|3	T cells	CD8 T	1123	588	101.80211811362824	3.2947462154942118
TTACGACTTGACAC-1	pt_8|3	Monocytes	CD14+ Mono	1901	712	91.85538273392251	2.2093634928984742
TTACTCGAAGAATG-1	NA	Monocytes	CD14+ Mono	3860	1126	88.93573436561994	2.5906735751295336
TTAGCTACTTTCGT-1	pt_8|3	T cells	NA	2921	971	112.61243872555517	4.313591235878124
TTAGTCTGTGCACA-1	pt_8|3	T cells	NA	1690	643	238.36965081800994	4.023668639053255
TTATCCGACTAGTG-1	pt_8|3	B cells	B	1901	665	227.7363341668134	2.472382956338769
TTCACAACGTCTGA-1	pt_8|3	Monocytes	FCGR3A+ Mono	677	394	154.90870816191725	0.5908419497784343
TTCAGTACCGACTA-1	pt_8|3	T cells	Naive CD4 T	2767	927	121.48091035027404	1.734730755330683
TTCATTCTATGTCG-1	pt_8|3	Monocytes	NA	2625	876	152.6416400047216	1.4476190476190476
TTCCAAACCTATGG-1	pt_8|3	Monocytes	CD14+ Mono	1054	533	177.62208892517253	1.2333965844402277
TTCCAAACCTCCCA-1	NA	B cells	NA	2722	950	175.11739591659847	1.322556943423953
TTCCTAGACTAGTG-1	pt_8|3	Monocytes	FCGR3A+ Mono	1942	840	225.86735181229574	1.235839340885685
TTCGAGGATAGAAG-1	pt_8|3	Monocytes	NA	2747	969	145.57630812566921	2.693847834000728
TTCGTATGGATAGA-1	NA	T cells	CD8 T	1980	870	119.79889146754473	1.3131313131313131
TTCTACGAACGTAC-1	pt_8|3	T cells	Naive CD4 T	2493	865	125.31966028382381	1.3237063778580023
TTCTACGAGTTGGT-1	pt_8|3	T cells	NA	2589	945	103.70539042970407	1.2359984550019312
TTCTAGTGACACGT-1	pt_8|3	T cells	NA	3018	1068	100.10821065307837	1.027170311464546
TTCTCAGAAGCATC-1	NA	B cells	B	2497	881	131.59649512056902	2.1225470564677615
TTCTTACTCTGGAT-1	pt_8|3	Monocytes	FCGR3A+ Mono	1740	717	150.6577089552154	2.2413793103448274
TTGAATGAACTACG-1	pt_8|3	Monocytes	NA	2286	879	74.95444496026897	2.405949256342957
TTGAGGACAGAACA-1	pt_8|3	Monocytes	NA	2955	943	166.0300769875333	2.910321489001692
TTGCTAACACGCTA-1	NA	Monocytes	FCGR3A+ Mono	2573	914	65.36299840998781	1.9821220365332297
TTGCTATGGTACGT-1	pt_8|3	Monocytes	CD14+ Mono	3108	1103	221.02519091690004	2.0592020592020592
TTGGAGACTATGGC-1	pt_8|3	B cells	B	1778	738	150.09184332107174	2.8683914510686166
TTGGTACTGAATCC-1	NA	B cells	B	1855	615	95.0729172005494	2.533692722371968
TTGGTACTGGATTC-1	pt_8|3	B cells	NA	1883	721	175.38845896674854	1.9118428040361128
TTGTACACGTTGTG-1	NA	B cells	B	1536	570	124.73347099920505	3.7760416666666665
TTGTAGCTCTCTTA-1	pt_8|3	B cells	NA	2134	805	96.42451254558074	2.6241799437675724
TTTCACGAGGTTCA-1	pt_8|3	T cells	Naive CD4 T	2036	720	128.1435221660807	1.3261296660117878
TTTCTACTGAGGCA-1	pt_8|3	B cells	NA	3443	1224	154.67057810834507	0.9294220156839965
TTTCTACTTCCTCG-1	pt_8|3	B cells	B	1684	622	126.57851083190192	2.197149643705463
