individual_id	study	species	island	sex
N1A1	PAL0708	Adelie	Torgersen	male
N1A2	PAL0708	Adelie	Torgersen	female
N2A1	PAL0708	Adelie	Torgersen	female
N2A2	PAL0708	Adelie	Torgersen	NA
N3A1	PAL0708	Adelie	Torgersen	female
N3A2	PAL0708	Adelie	Torgersen	male
N4A1	PAL0708	Adelie	Torgersen	female
N4A2	PAL0708	Adelie	Torgersen	male
N5A1	PAL0708	Adelie	Torgersen	NA
N5A2	PAL0708	Adelie	Torgersen	NA
N6A1	PAL0708	Adelie	Torgersen	NA
N6A2	PAL0708	Adelie	Torgersen	NA
N7A1	PAL0708	Adelie	Torgersen	female
N7A2	PAL0708	Adelie	Torgersen	male
N8A1	PAL0708	Adelie	Torgersen	male
N8A2	PAL0708	Adelie	Torgersen	female
N9A1	PAL0708	Adelie	Torgersen	female
N9A2	PAL0708	Adelie	Torgersen	male
N10A1	PAL0708	Adelie	Torgersen	female
N10A2	PAL0708	Adelie	Torgersen	male
N11A1	PAL0708	Adelie	Biscoe	female
N11A2	PAL0708	Adelie	Biscoe	male
N12A1	PAL0708	Adelie	Biscoe	female
N12A2	PAL0708	Adelie	Biscoe	male
N13A1	PAL0708	Adelie	Biscoe	male
N13A2	PAL0708	Adelie	Biscoe	female
N17A1	PAL0708	Adelie	Biscoe	male
N17A2	PAL0708	Adelie	Biscoe	female
N18A1	PAL0708	Adelie	Biscoe	female
N18A2	PAL0708	Adelie	Biscoe	male
N21A1	PAL0708	Adelie	Dream	female
N21A2	PAL0708	Adelie	Dream	male
N22A1	PAL0708	Adelie	Dream	female
N22A2	PAL0708	Adelie	Dream	male
N23A1	PAL0708	Adelie	Dream	female
N23A2	PAL0708	Adelie	Dream	male
N24A1	PAL0708	Adelie	Dream	male
N24A2	PAL0708	Adelie	Dream	female
N25A1	PAL0708	Adelie	Dream	female
N25A2	PAL0708	Adelie	Dream	male
N26A1	PAL0708	Adelie	Dream	female
N26A2	PAL0708	Adelie	Dream	male
N27A1	PAL0708	Adelie	Dream	female
N27A2	PAL0708	Adelie	Dream	male
N28A1	PAL0708	Adelie	Dream	female
N28A2	PAL0708	Adelie	Dream	male
N29A1	PAL0708	Adelie	Dream	male
N29A2	PAL0708	Adelie	Dream	NA
N30A1	PAL0708	Adelie	Dream	female
N30A2	PAL0708	Adelie	Dream	male
N21A1	PAL0809	Adelie	Biscoe	female
N21A2	PAL0809	Adelie	Biscoe	male
N22A1	PAL0809	Adelie	Biscoe	female
N22A2	PAL0809	Adelie	Biscoe	male
N23A1	PAL0809	Adelie	Biscoe	female
N23A2	PAL0809	Adelie	Biscoe	male
N24A1	PAL0809	Adelie	Biscoe	female
N24A2	PAL0809	Adelie	Biscoe	male
N25A1	PAL0809	Adelie	Biscoe	female
N25A2	PAL0809	Adelie	Biscoe	male
N27A1	PAL0809	Adelie	Biscoe	female
N27A2	PAL0809	Adelie	Biscoe	male
N28A1	PAL0809	Adelie	Biscoe	female
N28A2	PAL0809	Adelie	Biscoe	male
N29A1	PAL0809	Adelie	Biscoe	female
N29A2	PAL0809	Adelie	Biscoe	male
N30A1	PAL0809	Adelie	Biscoe	female
N30A2	PAL0809	Adelie	Biscoe	male
N32A1	PAL0809	Adelie	Torgersen	female
N32A2	PAL0809	Adelie	Torgersen	male
N34A1	PAL0809	Adelie	Torgersen	female
N34A2	PAL0809	Adelie	Torgersen	male
N35A1	PAL0809	Adelie	Torgersen	female
N35A2	PAL0809	Adelie	Torgersen	male
N36A1	PAL0809	Adelie	Torgersen	female
N36A2	PAL0809	Adelie	Torgersen	male
N37A1	PAL0809	Adelie	Torgersen	female
N37A2	PAL0809	Adelie	Torgersen	male
N38A1	PAL0809	Adelie	Torgersen	female
N38A2	PAL0809	Adelie	Torgersen	male
N39A1	PAL0809	Adelie	Torgersen	female
N39A2	PAL0809	Adelie	Torgersen	male
N40A1	PAL0809	Adelie	Torgersen	female
N40A2	PAL0809	Adelie	Torgersen	male
N41A1	PAL0809	Adelie	Dream	female
N41A2	PAL0809	Adelie	Dream	male
N42A1	PAL0809	Adelie	Dream	male
N42A2	PAL0809	Adelie	Dream	female
N44A1	PAL0809	Adelie	Dream	male
N44A2	PAL0809	Adelie	Dream	female
N45A1	PAL0809	Adelie	Dream	female
N45A2	PAL0809	Adelie	Dream	male
N46A1	PAL0809	Adelie	Dream	female
N46A2	PAL0809	Adelie	Dream	male
N48A1	PAL0809	Adelie	Dream	female
N48A2	PAL0809	Adelie	Dream	male
N49A1	PAL0809	Adelie	Dream	female
N49A2	PAL0809	Adelie	Dream	male
N50A1	PAL0809	Adelie	Dream	female
N50A2	PAL0809	Adelie	Dream	male
N47A1	PAL0910	Adelie	Biscoe	female
N47A2	PAL0910	Adelie	Biscoe	male
N49A1	PAL0910	Adelie	Biscoe	female
N49A2	PAL0910	Adelie	Biscoe	male
N51A1	PAL0910	Adelie	Biscoe	female
N51A2	PAL0910	Adelie	Biscoe	male
N53A1	PAL0910	Adelie	Biscoe	female
N53A2	PAL0910	Adelie	Biscoe	male
N55A1	PAL0910	Adelie	Biscoe	female
N55A2	PAL0910	Adelie	Biscoe	male
N58A1	PAL0910	Adelie	Biscoe	female
N58A2	PAL0910	Adelie	Biscoe	male
N60A1	PAL0910	Adelie	Biscoe	female
N60A2	PAL0910	Adelie	Biscoe	male
N61A1	PAL0910	Adelie	Biscoe	female
N61A2	PAL0910	Adelie	Biscoe	male
N63A1	PAL0910	Adelie	Torgersen	female
N63A2	PAL0910	Adelie	Torgersen	male
N64A1	PAL0910	Adelie	Torgersen	female
N64A2	PAL0910	Adelie	Torgersen	male
N66A1	PAL0910	Adelie	Torgersen	female
N66A2	PAL0910	Adelie	Torgersen	male
N67A1	PAL0910	Adelie	Torgersen	female
N67A2	PAL0910	Adelie	Torgersen	male
N69A1	PAL0910	Adelie	Torgersen	female
N69A2	PAL0910	Adelie	Torgersen	male
N71A1	PAL0910	Adelie	Torgersen	female
N71A2	PAL0910	Adelie	Torgersen	male
N72A1	PAL0910	Adelie	Torgersen	female
N72A2	PAL0910	Adelie	Torgersen	male
N73A1	PAL0910	Adelie	Torgersen	female
N73A2	PAL0910	Adelie	Torgersen	male
N76A1	PAL0910	Adelie	Dream	female
N76A2	PAL0910	Adelie	Dream	male
N77A1	PAL0910	Adelie	Dream	female
N77A2	PAL0910	Adelie	Dream	male
N78A1	PAL0910	Adelie	Dream	female
N78A2	PAL0910	Adelie	Dream	male
N79A1	PAL0910	Adelie	Dream	female
N79A2	PAL0910	Adelie	Dream	male
N80A1	PAL0910	Adelie	Dream	female
N80A2	PAL0910	Adelie	Dream	male
N81A1	PAL0910	Adelie	Dream	female
N81A2	PAL0910	Adelie	Dream	male
N82A1	PAL0910	Adelie	Dream	female
N82A2	PAL0910	Adelie	Dream	male
N83A1	PAL0910	Adelie	Dream	male
N83A2	PAL0910	Adelie	Dream	female
N84A1	PAL0910	Adelie	Dream	female
N84A2	PAL0910	Adelie	Dream	male
N85A1	PAL0910	Adelie	Dream	female
N85A2	PAL0910	Adelie	Dream	male
N31A1	PAL0708	Gentoo	Biscoe	female
N31A2	PAL0708	Gentoo	Biscoe	male
N32A1	PAL0708	Gentoo	Biscoe	female
N32A2	PAL0708	Gentoo	Biscoe	male
N33A1	PAL0708	Gentoo	Biscoe	male
N33A2	PAL0708	Gentoo	Biscoe	female
N34A1	PAL0708	Gentoo	Biscoe	female
N34A2	PAL0708	Gentoo	Biscoe	male
N35A1	PAL0708	Gentoo	Biscoe	female
N35A2	PAL0708	Gentoo	Biscoe	male
N36A1	PAL0708	Gentoo	Biscoe	female
N36A2	PAL0708	Gentoo	Biscoe	male
N37A1	PAL0708	Gentoo	Biscoe	female
N37A2	PAL0708	Gentoo	Biscoe	male
N38A1	PAL0708	Gentoo	Biscoe	female
N38A2	PAL0708	Gentoo	Biscoe	male
N39A1	PAL0708	Gentoo	Biscoe	female
N39A2	PAL0708	Gentoo	Biscoe	male
N40A1	PAL0708	Gentoo	Biscoe	female
N40A2	PAL0708	Gentoo	Biscoe	male
N41A1	PAL0708	Gentoo	Biscoe	male
N41A2	PAL0708	Gentoo	Biscoe	female
N42A1	PAL0708	Gentoo	Biscoe	female
N42A2	PAL0708	Gentoo	Biscoe	male
N44A1	PAL0708	Gentoo	Biscoe	female
N44A2	PAL0708	Gentoo	Biscoe	male
N46A1	PAL0708	Gentoo	Biscoe	NA
N46A2	PAL0708	Gentoo	Biscoe	male
N47A1	PAL0708	Gentoo	Biscoe	female
N47A2	PAL0708	Gentoo	Biscoe	male
N50A1	PAL0708	Gentoo	Biscoe	male
N50A2	PAL0708	Gentoo	Biscoe	female
N56A1	PAL0708	Gentoo	Biscoe	female
N56A2	PAL0708	Gentoo	Biscoe	male
N2A1	PAL0809	Gentoo	Biscoe	female
N2A2	PAL0809	Gentoo	Biscoe	male
N4A1	PAL0809	Gentoo	Biscoe	female
N4A2	PAL0809	Gentoo	Biscoe	male
N5A1	PAL0809	Gentoo	Biscoe	female
N5A2	PAL0809	Gentoo	Biscoe	male
N6A1	PAL0809	Gentoo	Biscoe	female
N6A2	PAL0809	Gentoo	Biscoe	male
N7A1	PAL0809	Gentoo	Biscoe	female
N7A2	PAL0809	Gentoo	Biscoe	male
N8A1	PAL0809	Gentoo	Biscoe	male
N8A2	PAL0809	Gentoo	Biscoe	female
N11A1	PAL0809	Gentoo	Biscoe	female
N11A2	PAL0809	Gentoo	Biscoe	male
N12A1	PAL0809	Gentoo	Biscoe	female
N12A2	PAL0809	Gentoo	Biscoe	male
N13A1	PAL0809	Gentoo	Biscoe	female
N13A2	PAL0809	Gentoo	Biscoe	male
N14A1	PAL0809	Gentoo	Biscoe	female
N14A2	PAL0809	Gentoo	Biscoe	male
N15A1	PAL0809	Gentoo	Biscoe	female
N15A2	PAL0809	Gentoo	Biscoe	male
N16A1	PAL0809	Gentoo	Biscoe	female
N16A2	PAL0809	Gentoo	Biscoe	male
N17A1	PAL0809	Gentoo	Biscoe	female
N17A2	PAL0809	Gentoo	Biscoe	male
N18A1	PAL0809	Gentoo	Biscoe	female
N18A2	PAL0809	Gentoo	Biscoe	male
N19A1	PAL0809	Gentoo	Biscoe	female
N19A2	PAL0809	Gentoo	Biscoe	male
N20A1	PAL0809	Gentoo	Biscoe	female
N20A2	PAL0809	Gentoo	Biscoe	male
N51A1	PAL0809	Gentoo	Biscoe	NA
N51A2	PAL0809	Gentoo	Biscoe	male
N53A1	PAL0809	Gentoo	Biscoe	female
N53A2	PAL0809	Gentoo	Biscoe	male
N54A1	PAL0809	Gentoo	Biscoe	female
N54A2	PAL0809	Gentoo	Biscoe	male
N55A1	PAL0809	Gentoo	Biscoe	male
N55A2	PAL0809	Gentoo	Biscoe	female
N56A1	PAL0809	Gentoo	Biscoe	female
N56A2	PAL0809	Gentoo	Biscoe	male
N58A1	PAL0809	Gentoo	Biscoe	female
N58A2	PAL0809	Gentoo	Biscoe	male
N60A1	PAL0809	Gentoo	Biscoe	female
N60A2	PAL0809	Gentoo	Biscoe	male
N1A1	PAL0910	Gentoo	Biscoe	female
N1A2	PAL0910	Gentoo	Biscoe	male
N6A1	PAL0910	Gentoo	Biscoe	female
N6A2	PAL0910	Gentoo	Biscoe	male
N8A1	PAL0910	Gentoo	Biscoe	female
N8A2	PAL0910	Gentoo	Biscoe	male
N13A1	PAL0910	Gentoo	Biscoe	female
N13A2	PAL0910	Gentoo	Biscoe	male
N14A1	PAL0910	Gentoo	Biscoe	female
N14A2	PAL0910	Gentoo	Biscoe	male
N15A1	PAL0910	Gentoo	Biscoe	female
N15A2	PAL0910	Gentoo	Biscoe	male
N18A1	PAL0910	Gentoo	Biscoe	female
N18A2	PAL0910	Gentoo	Biscoe	male
N19A1	PAL0910	Gentoo	Biscoe	female
N19A2	PAL0910	Gentoo	Biscoe	male
N20A1	PAL0910	Gentoo	Biscoe	male
N20A2	PAL0910	Gentoo	Biscoe	female
N21A1	PAL0910	Gentoo	Biscoe	female
N21A2	PAL0910	Gentoo	Biscoe	male
N22A1	PAL0910	Gentoo	Biscoe	female
N22A2	PAL0910	Gentoo	Biscoe	male
N23A1	PAL0910	Gentoo	Biscoe	female
N23A2	PAL0910	Gentoo	Biscoe	male
N24A1	PAL0910	Gentoo	Biscoe	NA
N24A2	PAL0910	Gentoo	Biscoe	male
N28A1	PAL0910	Gentoo	Biscoe	female
N28A2	PAL0910	Gentoo	Biscoe	male
N29A1	PAL0910	Gentoo	Biscoe	female
N29A2	PAL0910	Gentoo	Biscoe	male
N32A1	PAL0910	Gentoo	Biscoe	female
N32A2	PAL0910	Gentoo	Biscoe	male
N34A1	PAL0910	Gentoo	Biscoe	female
N34A2	PAL0910	Gentoo	Biscoe	male
N35A1	PAL0910	Gentoo	Biscoe	female
N35A2	PAL0910	Gentoo	Biscoe	male
N36A1	PAL0910	Gentoo	Biscoe	NA
N36A2	PAL0910	Gentoo	Biscoe	male
N38A1	PAL0910	Gentoo	Biscoe	female
N38A2	PAL0910	Gentoo	Biscoe	NA
N39A1	PAL0910	Gentoo	Biscoe	female
N39A2	PAL0910	Gentoo	Biscoe	male
N43A1	PAL0910	Gentoo	Biscoe	female
N43A2	PAL0910	Gentoo	Biscoe	male
N61A1	PAL0708	Chinstrap	Dream	female
N61A2	PAL0708	Chinstrap	Dream	male
N62A1	PAL0708	Chinstrap	Dream	male
N62A2	PAL0708	Chinstrap	Dream	female
N64A1	PAL0708	Chinstrap	Dream	male
N64A2	PAL0708	Chinstrap	Dream	female
N66A1	PAL0708	Chinstrap	Dream	female
N66A2	PAL0708	Chinstrap	Dream	male
N67A1	PAL0708	Chinstrap	Dream	female
N67A2	PAL0708	Chinstrap	Dream	male
N68A1	PAL0708	Chinstrap	Dream	female
N68A2	PAL0708	Chinstrap	Dream	male
N69A1	PAL0708	Chinstrap	Dream	female
N69A2	PAL0708	Chinstrap	Dream	male
N70A1	PAL0708	Chinstrap	Dream	female
N70A2	PAL0708	Chinstrap	Dream	male
N71A1	PAL0708	Chinstrap	Dream	male
N71A2	PAL0708	Chinstrap	Dream	female
N72A1	PAL0708	Chinstrap	Dream	female
N72A2	PAL0708	Chinstrap	Dream	male
N73A1	PAL0708	Chinstrap	Dream	female
N73A2	PAL0708	Chinstrap	Dream	male
N85A1	PAL0708	Chinstrap	Dream	female
N85A2	PAL0708	Chinstrap	Dream	male
N89A1	PAL0708	Chinstrap	Dream	female
N89A2	PAL0708	Chinstrap	Dream	male
N61A1	PAL0809	Chinstrap	Dream	female
N61A2	PAL0809	Chinstrap	Dream	male
N62A1	PAL0809	Chinstrap	Dream	female
N62A2	PAL0809	Chinstrap	Dream	male
N63A1	PAL0809	Chinstrap	Dream	female
N63A2	PAL0809	Chinstrap	Dream	male
N65A1	PAL0809	Chinstrap	Dream	female
N65A2	PAL0809	Chinstrap	Dream	male
N67A1	PAL0809	Chinstrap	Dream	male
N67A2	PAL0809	Chinstrap	Dream	female
N69A1	PAL0809	Chinstrap	Dream	female
N69A2	PAL0809	Chinstrap	Dream	male
N72A1	PAL0809	Chinstrap	Dream	female
N72A2	PAL0809	Chinstrap	Dream	male
N74A1	PAL0809	Chinstrap	Dream	male
N74A2	PAL0809	Chinstrap	Dream	female
N75A1	PAL0809	Chinstrap	Dream	male
N75A2	PAL0809	Chinstrap	Dream	female
N86A1	PAL0910	Chinstrap	Dream	female
N86A2	PAL0910	Chinstrap	Dream	male
N87A1	PAL0910	Chinstrap	Dream	female
N87A2	PAL0910	Chinstrap	Dream	male
N88A1	PAL0910	Chinstrap	Dream	male
N88A2	PAL0910	Chinstrap	Dream	female
N90A1	PAL0910	Chinstrap	Dream	female
N90A2	PAL0910	Chinstrap	Dream	male
N92A1	PAL0910	Chinstrap	Dream	female
N92A2	PAL0910	Chinstrap	Dream	male
N93A1	PAL0910	Chinstrap	Dream	female
N93A2	PAL0910	Chinstrap	Dream	male
N94A1	PAL0910	Chinstrap	Dream	female
N94A2	PAL0910	Chinstrap	Dream	male
N95A1	PAL0910	Chinstrap	Dream	male
N95A2	PAL0910	Chinstrap	Dream	female
N96A1	PAL0910	Chinstrap	Dream	male
N96A2	PAL0910	Chinstrap	Dream	female
N98A1	PAL0910	Chinstrap	Dream	female
N98A2	PAL0910	Chinstrap	Dream	male
N99A1	PAL0910	Chinstrap	Dream	female
N99A2	PAL0910	Chinstrap	Dream	male
N100A1	PAL0910	Chinstrap	Dream	male
N100A2	PAL0910	Chinstrap	Dream	female
